GEOGRAPHIC_COUNTY_NAME,REGION,LOCATION_HOURS,LOCATION_DETAILS,JURISDICTION_LIST
ALLEGAN COUNTY,REGION: MARTIN TOWNSHIP,"MARTIN TOWNSHIP HALL
10/24/2026: 08:00 AM - 04:00 PM
10/25/2026: 08:00 AM - 04:00 PM
10/26/2026: 08:00 AM - 04:00 PM
10/27/2026: 11:00 AM - 07:00 PM
10/28/2026: 08:00 AM - 04:00 PM
10/29/2026: 11:00 AM - 07:00 PM
10/30/2026: 08:00 AM - 04:00 PM
10/31/2026: 08:00 AM - 04:00 PM
11/01/2026: 08:00 AM - 04:00 PM","Permanent Polling Location:
MARTIN TOWNSHIP HALL
998 TEMPLETON ST
MARTIN MI 49070

Handicap Accessable:
Y
","Jurisdictions:
MARTIN TOWNSHIP"
ALLEGAN COUNTY,REGION: PLAINWELL CITY,"PLAINWELL CITY HALL
10/24/2026: 08:00 AM - 04:00 PM
10/25/2026: 08:00 AM - 04:00 PM
10/26/2026: 08:00 AM - 04:00 PM
10/27/2026: 08:00 AM - 04:00 PM
10/28/2026: 08:00 AM - 04:00 PM
10/29/2026: 08:00 AM - 04:00 PM
10/30/2026: 08:00 AM - 04:00 PM
10/31/2026: 08:00 AM - 04:00 PM
11/01/2026: 08:00 AM - 04:00 PM","Permanent Polling Location:
PLAINWELL CITY HALL
211 N MAIN STREET
PLAINWELL MI 49080

Handicap Accessable:
Y
","Jurisdictions:
PLAINWELL CITY"
ANTRIM COUNTY,REGION: HELENA TOWNSHIP,"COMMUNITY CENTER
10/24/2026: 03:00 PM - 07:00 PM
10/24/2026: 09:00 AM - 01:00 PM
10/25/2026: 03:00 PM - 07:00 PM
10/25/2026: 09:00 AM - 01:00 PM
10/26/2026: 03:00 PM - 07:00 PM
10/26/2026: 09:00 AM - 01:00 PM
10/27/2026: 03:00 PM - 07:00 PM
10/27/2026: 09:00 AM - 01:00 PM
10/28/2026: 03:00 PM - 07:00 PM
10/28/2026: 09:00 AM - 01:00 PM
10/29/2026: 03:00 PM - 07:00 PM
10/29/2026: 09:00 AM - 01:00 PM
10/30/2026: 03:00 PM - 07:00 PM
10/30/2026: 09:00 AM - 01:00 PM
10/31/2026: 03:00 PM - 07:00 PM
10/31/2026: 09:00 AM - 01:00 PM
11/01/2026: 03:00 PM - 07:00 PM
11/01/2026: 09:00 AM - 01:00 PM","Permanent Polling Location:
COMMUNITY CENTER
8751 HELENA RD
ALDEN MI 49612

Handicap Accessable:
Y
","Jurisdictions:
HELENA TOWNSHIP"
ARENAC COUNTY,REGION: COUNTY - SITE #1,"ARENAC COUNTY BUILDING
10/24/2026: 08:30 AM - 04:30 PM
10/25/2026: 08:30 AM - 04:30 PM
10/26/2026: 08:30 AM - 04:30 PM
10/27/2026: 08:30 AM - 04:30 PM
10/28/2026: 08:30 AM - 04:30 PM
10/29/2026: 08:30 AM - 04:30 PM
10/30/2026: 08:30 AM - 04:30 PM
10/31/2026: 08:30 AM - 04:30 PM
11/01/2026: 08:30 AM - 04:30 PM","Permanent Polling Location:
ARENAC COUNTY BUILDING
120 N GROVE ST
STANDISH MI 48658

Handicap Accessable:
Y
","Jurisdictions:
ADAMS TOWNSHIP
ARENAC TOWNSHIP
AU GRES CITY
AU GRES TOWNSHIP
CLAYTON TOWNSHIP
DEEP RIVER TOWNSHIP
LINCOLN TOWNSHIP
MASON TOWNSHIP
MOFFATT TOWNSHIP
OMER CITY
SIMS TOWNSHIP
STANDISH CITY
STANDISH TOWNSHIP"
ARENAC COUNTY,REGION: COUNTY - SITE #2,"WHITNEY TWP HALL
10/24/2026: 08:30 AM - 04:30 PM
10/25/2026: 08:30 AM - 04:30 PM
10/26/2026: 08:30 AM - 04:30 PM
10/27/2026: 08:30 AM - 04:30 PM
10/28/2026: 08:30 AM - 04:30 PM
10/29/2026: 08:30 AM - 04:30 PM
10/30/2026: 08:30 AM - 04:30 PM
10/31/2026: 08:30 AM - 04:30 PM
11/01/2026: 08:30 AM - 04:30 PM","Permanent Polling Location:
WHITNEY TWP HALL
1515 N. HURON
TAWAS CITY MI 48763

Handicap Accessable:
Y
","Jurisdictions:
TURNER TOWNSHIP
WHITNEY TOWNSHIP"
BARRY COUNTY,"REGION: CARLTON, HASTINGS CHARTER, HOPE, RUTLAND CHARTER TWP","RUTLAND CHARTER TWP
10/24/2026: 09:00 AM - 05:00 PM
10/25/2026: 09:00 AM - 05:00 PM
10/26/2026: 09:00 AM - 05:00 PM
10/27/2026: 09:00 AM - 05:00 PM
10/28/2026: 09:00 AM - 05:00 PM
10/29/2026: 09:00 AM - 05:00 PM
10/30/2026: 09:00 AM - 05:00 PM
10/31/2026: 09:00 AM - 05:00 PM
11/01/2026: 09:00 AM - 05:00 PM","Permanent Polling Location:
RUTLAND CHARTER TWP
2461 HEATH ROAD
HASTINGS MI 49058

Handicap Accessable:
Y
TOWNSHIP HALL","Jurisdictions:
CARLTON TOWNSHIP
HASTINGS TOWNSHIP
HOPE TOWNSHIP
RUTLAND TOWNSHIP"
BARRY COUNTY,REGION: IRVING TOWNSHIP,"IRVING TWP HALL
10/24/2026: 08:00 AM - 04:00 PM
10/25/2026: 08:00 AM - 04:00 PM
10/26/2026: 08:00 AM - 04:00 PM
10/27/2026: 08:00 AM - 04:00 PM
10/28/2026: 08:00 AM - 04:00 PM
10/29/2026: 08:00 AM - 04:00 PM
10/30/2026: 08:00 AM - 04:00 PM
10/31/2026: 08:00 AM - 04:00 PM
11/01/2026: 08:00 AM - 04:00 PM","Permanent Polling Location:
IRVING TWP HALL
3425 WING RD
HASTINGS MI 49058

Handicap Accessable:
Y
CORNER OF WOODSCHOOL & WING ROADS TOWNSHIP HALL","Jurisdictions:
IRVING TOWNSHIP"
BARRY COUNTY,REGION: THORNAPPLE TOWNSHIP,"THORNAPPLE TWP ES
10/24/2026: 07:30 AM - 04:30 PM
10/25/2026: 07:30 AM - 04:30 PM
10/26/2026: 07:30 AM - 04:30 PM
10/27/2026: 07:30 AM - 04:30 PM
10/28/2026: 07:30 AM - 04:30 PM
10/29/2026: 07:30 AM - 04:30 PM
10/30/2026: 07:30 AM - 04:30 PM
10/31/2026: 07:30 AM - 04:30 PM
11/01/2026: 07:30 AM - 04:00 PM
11/02/2026: 07:30 AM - 04:00 PM","Permanent Polling Location:
THORNAPPLE TWP ES
128 HIGH STREET
MIDDLEVILLE MI 49333

Handicap Accessable:
Y
THORNAPPLE TWP EMERGENCY SERVICES BLDG","Jurisdictions:
THORNAPPLE TOWNSHIP"
BERRIEN COUNTY,REGION: NILES CHARTER TOWNSHIP,"NILES CHARTER TOWNSHIP DPW
10/24/2026: 08:30 AM - 04:30 PM
10/25/2026: 08:30 AM - 04:30 PM
10/26/2026: 08:30 AM - 04:30 PM
10/27/2026: 08:30 AM - 04:30 PM
10/28/2026: 11:00 AM - 07:00 PM
10/29/2026: 08:30 AM - 04:30 PM
10/30/2026: 08:30 AM - 04:30 PM
10/31/2026: 08:30 AM - 04:30 PM
11/01/2026: 08:30 AM - 04:30 PM","Permanent Polling Location:
NILES CHARTER TOWNSHIP DPW
322 BELL ROAD
NILES MI 49120

Handicap Accessable:
Y
BUILDING BEHIND TOWNSHIP HALL-BACK DOOR","Jurisdictions:
NILES CHARTER TOWNSHIP"
BERRIEN COUNTY,REGION: NILES CITY,"NILES CITY HALL
10/24/2026: 08:00 AM - 04:00 PM
10/25/2026: 08:00 AM - 04:00 PM
10/26/2026: 08:00 AM - 04:00 PM
10/27/2026: 08:00 AM - 04:00 PM
10/28/2026: 08:00 AM - 04:00 PM
10/29/2026: 08:00 AM - 04:00 PM
10/30/2026: 08:00 AM - 04:00 PM
10/31/2026: 08:00 AM - 04:00 PM
11/01/2026: 08:00 AM - 04:00 PM","Permanent Polling Location:
NILES CITY HALL
333 N 2ND ST.
NILES MI 49120

Handicap Accessable:
Y
","Jurisdictions:
NILES CITY"
CALHOUN COUNTY,REGION: MUNICIPAL EARLY VOTING SITE - KFCC,"KOOL FAMILY COMMUNITY CENTER
10/24/2026: 09:00 AM - 05:00 PM
10/25/2026: 09:00 AM - 05:00 PM
10/26/2026: 09:00 AM - 05:00 PM
10/27/2026: 09:00 AM - 05:00 PM
10/28/2026: 09:00 AM - 05:00 PM
10/29/2026: 09:00 AM - 05:00 PM
10/30/2026: 09:00 AM - 05:00 PM
10/31/2026: 09:00 AM - 05:00 PM
11/01/2026: 09:00 AM - 05:00 PM","Permanent Polling Location:
KOOL FAMILY COMMUNITY CENTER
200 W. MICHIGAN AVENUE
BATTLE CREEK MI 49017

Handicap Accessable:
Y
","Jurisdictions:
BATTLE CREEK CITY
BEDFORD TOWNSHIP
PENNFIELD TOWNSHIP
SPRINGFIELD CITY"
CHIPPEWA COUNTY,REGION: SOO TWP+SAULT STE MARIE CITY,"SOO TOWNSHIP COMM CE
10/24/2026: 08:00 AM - 04:00 PM
10/25/2026: 08:00 AM - 04:00 PM
10/26/2026: 08:00 AM - 04:00 PM
10/27/2026: 08:00 AM - 04:00 PM
10/28/2026: 08:00 AM - 04:00 PM
10/29/2026: 08:00 AM - 04:00 PM
10/30/2026: 08:00 AM - 04:00 PM
10/31/2026: 08:00 AM - 04:00 PM
11/01/2026: 08:00 AM - 04:00 PM","Permanent Polling Location:
SOO TOWNSHIP COMM CE
639 3 1/2 MILE RD
SAULT STE MARIE MI 49783

Handicap Accessable:
N
","Jurisdictions:
SAULT STE MARIE CITY
SOO TOWNSHIP"
CLINTON COUNTY,REGION: CLINTON COUNTY,"CLINTON COUNTY NORTH (BINGHAM TWP HALL)
10/24/2026: 08:00 AM - 04:00 PM
10/25/2026: 08:00 AM - 04:00 PM
10/26/2026: 08:00 AM - 04:00 PM
10/27/2026: 08:00 AM - 04:00 PM
10/28/2026: 11:00 AM - 07:00 PM
10/29/2026: 11:00 AM - 07:00 PM
10/30/2026: 08:00 AM - 04:00 PM
10/31/2026: 08:00 AM - 04:00 PM
11/01/2026: 08:00 AM - 04:00 PM","Permanent Polling Location:
CLINTON COUNTY NORTH (BINGHAM TWP HALL)
2057 N. LANSING ST
ST. JOHNS MI 48879

Handicap Accessable:
Y
","Jurisdictions:
BATH TOWNSHIP
BENGAL TOWNSHIP
BINGHAM TOWNSHIP
DALLAS TOWNSHIP
DE WITT CITY
DE WITT TOWNSHIP
DUPLAIN TOWNSHIP
EAGLE TOWNSHIP
ESSEX TOWNSHIP
GREENBUSH TOWNSHIP
LEBANON TOWNSHIP
OLIVE TOWNSHIP
OVID CITY
OVID TOWNSHIP
RILEY TOWNSHIP
ST JOHNS CITY
VICTOR TOWNSHIP
WATERTOWN TOWNSHIP
WESTPHALIA TOWNSHIP"
CLINTON COUNTY,REGION: CLINTON COUNTY,"CLINTON COUNTY SOUTH  (DEWITT TWP HALL)
10/24/2026: 08:00 AM - 04:00 PM
10/25/2026: 08:00 AM - 04:00 PM
10/26/2026: 08:00 AM - 04:00 PM
10/27/2026: 08:00 AM - 04:00 PM
10/28/2026: 11:00 AM - 07:00 PM
10/29/2026: 11:00 AM - 07:00 PM
10/30/2026: 08:00 AM - 04:00 PM
10/31/2026: 08:00 AM - 04:00 PM
11/01/2026: 08:00 AM - 04:00 PM","Permanent Polling Location:
CLINTON COUNTY SOUTH  (DEWITT TWP HALL)
1401 W. HERBISON ROAD
DEWITT MI 48820

Handicap Accessable:
Y
","Jurisdictions:
BATH TOWNSHIP
BENGAL TOWNSHIP
BINGHAM TOWNSHIP
DALLAS TOWNSHIP
DE WITT CITY
DE WITT TOWNSHIP
DUPLAIN TOWNSHIP
EAGLE TOWNSHIP
ESSEX TOWNSHIP
GREENBUSH TOWNSHIP
LEBANON TOWNSHIP
OLIVE TOWNSHIP
OVID CITY
OVID TOWNSHIP
RILEY TOWNSHIP
ST JOHNS CITY
VICTOR TOWNSHIP
WATERTOWN TOWNSHIP
WESTPHALIA TOWNSHIP"
CRAWFORD COUNTY,REGION: CRAWFORD ALL,"CRAWFORD COUNTY BUILDING
10/24/2026: 08:00 AM - 04:30 PM
10/25/2026: 08:00 AM - 04:30 PM
10/26/2026: 08:00 AM - 04:30 PM
10/27/2026: 08:00 AM - 04:30 PM
10/28/2026: 08:00 AM - 04:30 PM
10/29/2026: 08:00 AM - 04:30 PM
10/30/2026: 08:00 AM - 04:30 PM
10/31/2026: 08:00 AM - 04:30 PM
11/01/2026: 08:00 AM - 04:30 PM","Permanent Polling Location:
CRAWFORD COUNTY BUILDING
200 W MICHIGAN AVE
GRAYLING MI 49738

Handicap Accessable:
Y
","Jurisdictions:
BEAVER CREEK TOWNSHIP
FREDERIC TOWNSHIP
GRAYLING CHARTER TOWNSHIP
GRAYLING CITY
LOVELLS TOWNSHIP
MAPLE FOREST TOWNSHIP
SOUTH BRANCH TOWNSHIP"
DICKINSON COUNTY,REGION: DICKINSON COUNTY,"KINGSFORD CITY HALL
10/24/2026: 08:00 AM - 04:00 PM
10/25/2026: 08:00 AM - 04:00 PM
10/26/2026: 08:00 AM - 04:00 PM
10/27/2026: 08:00 AM - 04:00 PM
10/28/2026: 08:00 AM - 04:00 PM
10/29/2026: 08:00 AM - 04:00 PM
10/30/2026: 08:00 AM - 04:00 PM
10/31/2026: 08:00 AM - 04:00 PM
11/01/2026: 08:00 AM - 04:00 PM","Permanent Polling Location:
KINGSFORD CITY HALL
305 S. CARPENTER AVENUE
KINGSFORD MI 49802

Handicap Accessable:
Y
","Jurisdictions:
BREEN TOWNSHIP
BREITUNG TOWNSHIP
FELCH TOWNSHIP
IRON MOUNTAIN CITY
KINGSFORD CITY
NORWAY CITY
NORWAY TOWNSHIP
SAGOLA TOWNSHIP
WAUCEDAH TOWNSHIP
WEST BRANCH TOWNSHIP"
GENESEE COUNTY,REGION: CLIO CITY,"CLIO CITY OFFICE
10/24/2026: 08:00 AM - 04:00 PM
10/25/2026: 08:00 AM - 04:00 PM
10/26/2026: 08:00 AM - 04:00 PM
10/27/2026: 08:00 AM - 04:00 PM
10/28/2026: 08:00 AM - 04:00 PM
10/29/2026: 08:00 AM - 04:00 PM
10/30/2026: 08:00 AM - 04:00 PM
10/31/2026: 08:00 AM - 04:00 PM
11/01/2026: 08:00 AM - 04:00 PM","Permanent Polling Location:
CLIO CITY OFFICE
505 W. VIENNA ST.
CLIO MI 48420

Handicap Accessable:
Y
","Jurisdictions:
CLIO CITY"
GENESEE COUNTY,REGION: DAVISON TOWNSHIP,"DAVISON TOWNSHIP AUDITORIUM
10/24/2026: 08:00 AM - 04:00 PM
10/25/2026: 08:00 AM - 04:00 PM
10/26/2026: 08:00 AM - 04:00 PM
10/27/2026: 08:00 AM - 04:00 PM
10/28/2026: 11:00 AM - 07:00 PM
10/29/2026: 11:00 AM - 07:00 PM
10/30/2026: 08:00 AM - 04:00 PM
10/31/2026: 08:00 AM - 04:00 PM
11/01/2026: 08:00 AM - 04:00 PM","Permanent Polling Location:
DAVISON TOWNSHIP AUDITORIUM
1280 N. IRISH ROAD
DAVISON MI 48423

Handicap Accessable:
Y
","Jurisdictions:
DAVISON TOWNSHIP"
GENESEE COUNTY,REGION: FLINT TOWNSHIP EV,"FLINT TOWNSHIP
10/24/2026: 09:00 AM - 05:00 PM
10/25/2026: 09:00 AM - 05:00 PM
10/26/2026: 09:00 AM - 05:00 PM
10/27/2026: 09:00 AM - 05:00 PM
10/28/2026: 09:00 AM - 05:00 PM
10/29/2026: 09:00 AM - 05:00 PM
10/30/2026: 09:00 AM - 05:00 PM
10/31/2026: 09:00 AM - 05:00 PM
11/01/2026: 09:00 AM - 05:00 PM
11/02/2026: 09:00 AM - 04:00 PM","Permanent Polling Location:
FLINT TOWNSHIP
1490 S DYE RD
FLINT MI 48532

Handicap Accessable:
Y
CORNER OF CORUNNA ROAD AND DYE ROAD","Jurisdictions:
FLINT TOWNSHIP"
GENESEE COUNTY,REGION: GAINES TOWNSHIP,"GAINES TOWNSHIP HALL
10/24/2026: 08:00 AM - 04:00 PM
10/25/2026: 08:00 AM - 04:00 PM
10/26/2026: 08:00 AM - 04:00 PM
10/27/2026: 08:00 AM - 04:00 PM
10/28/2026: 08:00 AM - 04:00 PM
10/29/2026: 08:00 AM - 04:00 PM
10/30/2026: 08:00 AM - 04:00 PM
10/31/2026: 08:00 AM - 04:00 PM
11/01/2026: 08:00 AM - 04:00 PM","Permanent Polling Location:
GAINES TOWNSHIP HALL
9255 GRAND BLANC RD
GAINES MI 48436

Handicap Accessable:
Y
","Jurisdictions:
GAINES TOWNSHIP"
GENESEE COUNTY,REGION: RICHFIELD TOWNSHIP,"RICHFIELD TOWNSHIP HALL
10/24/2026: 09:00 AM - 05:00 PM
10/25/2026: 09:00 AM - 05:00 PM
10/26/2026: 09:00 AM - 05:00 PM
10/27/2026: 09:00 AM - 05:00 PM
10/28/2026: 09:00 AM - 05:00 PM
10/29/2026: 09:00 AM - 05:00 PM
10/30/2026: 09:00 AM - 05:00 PM
10/31/2026: 09:00 AM - 05:00 PM
11/01/2026: 09:00 AM - 05:00 PM","Permanent Polling Location:
RICHFIELD TOWNSHIP HALL
5381 N. STATE ROAD
DAVISON MI 48423

Handicap Accessable:
Y
","Jurisdictions:
RICHFIELD TOWNSHIP"
GLADWIN COUNTY,REGION: TOBACCO TOWNSHIP,"TOBACCO TWP HALL
10/24/2026: 08:30 AM - 04:30 PM
10/25/2026: 08:30 AM - 04:30 PM
10/26/2026: 08:30 AM - 04:30 PM
10/27/2026: 08:30 AM - 04:30 PM
10/28/2026: 08:30 AM - 04:30 PM
10/29/2026: 08:30 AM - 04:30 PM
10/30/2026: 08:30 AM - 04:30 PM
10/31/2026: 08:30 AM - 04:30 PM
11/01/2026: 08:30 AM - 04:30 PM","Permanent Polling Location:
TOBACCO TWP HALL
1758 DALE ROAD
BEAVERTON MI 48612

Handicap Accessable:
Y
AT BLINKER LIGHT","Jurisdictions:
TOBACCO TOWNSHIP"
GRAND TRAVERSE COUNTY,REGION: TRAVERSE CITY,"GOVERNMENTAL CENTER
10/24/2026: 09:00 AM - 05:00 PM
10/25/2026: 09:00 AM - 05:00 PM
10/26/2026: 09:00 AM - 05:00 PM
10/27/2026: 09:00 AM - 05:00 PM
10/28/2026: 09:00 AM - 05:00 PM
10/29/2026: 09:00 AM - 05:00 PM
10/30/2026: 09:00 AM - 05:00 PM
10/31/2026: 09:00 AM - 05:00 PM
11/01/2026: 09:00 AM - 05:00 PM","Permanent Polling Location:
GOVERNMENTAL CENTER
400 BOARDMAN AVENUE
TRAVERSE CITY MI 49684

Handicap Accessable:
Y
","Jurisdictions:
TRAVERSE CITY CITY"
GRAND TRAVERSE COUNTY,REGION: WEST SIDE EARLY VOTING,"TOWNSHIP HALL
10/24/2026: 09:00 AM - 05:00 PM
10/25/2026: 09:00 AM - 05:00 PM
10/26/2026: 09:00 AM - 05:00 PM
10/27/2026: 09:00 AM - 05:00 PM
10/28/2026: 09:00 AM - 05:00 PM
10/29/2026: 09:00 AM - 05:00 PM
10/30/2026: 09:00 AM - 05:00 PM
10/31/2026: 09:00 AM - 05:00 PM
11/01/2026: 09:00 AM - 05:00 PM","Permanent Polling Location:
TOWNSHIP HALL
9394 10TH ST
INTERLOCHEN MI 49643

Handicap Accessable:
Y
","Jurisdictions:
GRANT TOWNSHIP
GREEN LAKE TOWNSHIP
LONG LAKE TOWNSHIP
MAYFIELD TOWNSHIP"
GRATIOT COUNTY,REGION: GRATIOT,"ALMA PUBLIC LIBRARY-NEW
10/24/2026: 12:00 PM - 08:00 PM
10/25/2026: 12:00 PM - 08:00 PM
10/26/2026: 09:00 AM - 05:00 PM
10/27/2026: 09:00 AM - 05:00 PM
10/28/2026: 09:00 AM - 05:00 PM
10/29/2026: 09:00 AM - 05:00 PM
10/30/2026: 09:00 AM - 05:00 PM
10/31/2026: 09:00 AM - 05:00 PM
11/01/2026: 09:00 AM - 05:00 PM","Permanent Polling Location:
ALMA PUBLIC LIBRARY-NEW
500 E SUPERIOR ST. 
ALMA MI 48801

Handicap Accessable:
Y
CORNER OF E SUPERIOR  AND N COURT STS. ","Jurisdictions:
ALMA CITY
ARCADA TOWNSHIP
BETHANY TOWNSHIP
ELBA TOWNSHIP
EMERSON TOWNSHIP
FULTON TOWNSHIP
HAMILTON TOWNSHIP
ITHACA CITY
LAFAYETTE TOWNSHIP
NEW HAVEN TOWNSHIP
NEWARK TOWNSHIP
NORTH SHADE TOWNSHIP
NORTH STAR TOWNSHIP
PINE RIVER TOWNSHIP
SEVILLE TOWNSHIP
ST LOUIS CITY
SUMNER TOWNSHIP
WASHINGTON TOWNSHIP
WHEELER TOWNSHIP"
HURON COUNTY,REGION: EARLY VOTING SITE 5,"WILCOX COMMUNITY CEN
10/24/2026: 08:00 AM - 04:00 PM
10/25/2026: 08:00 AM - 04:00 PM
10/26/2026: 08:00 AM - 04:00 PM
10/27/2026: 08:00 AM - 04:00 PM
10/28/2026: 08:00 AM - 04:00 PM
10/29/2026: 08:00 AM - 04:00 PM
10/30/2026: 08:00 AM - 04:00 PM
10/31/2026: 08:00 AM - 04:00 PM
11/01/2026: 08:00 AM - 04:00 PM","Permanent Polling Location:
WILCOX COMMUNITY CEN
650 WHITELAM STREET
BAD AXE MI 48413

Handicap Accessable:
Y
","Jurisdictions:
BAD AXE CITY
BINGHAM TOWNSHIP
COLFAX TOWNSHIP
SHERIDAN TOWNSHIP
VERONA TOWNSHIP"
HURON COUNTY,REGION: SITE 6 EARLY VOTING,"CITY HALL
10/24/2026: 08:00 AM - 04:00 PM
10/25/2026: 08:00 AM - 04:00 PM
10/26/2026: 08:00 AM - 04:00 PM
10/27/2026: 08:00 AM - 04:00 PM
10/28/2026: 08:00 AM - 04:00 PM
10/29/2026: 08:00 AM - 04:00 PM
10/30/2026: 08:00 AM - 04:00 PM
10/31/2026: 08:00 AM - 04:00 PM
11/01/2026: 08:00 AM - 04:00 PM","Permanent Polling Location:
CITY HALL
766 STATE STREET
HARBOR BEACH MI 48441

Handicap Accessable:
Y
","Jurisdictions:
HARBOR BEACH CITY
PARIS TOWNSHIP
SAND BEACH TOWNSHIP
SHERMAN TOWNSHIP
SIGEL TOWNSHIP"
INGHAM COUNTY,REGION: CITY OF LANSING,"FOSTER COMMUNITY CENTER
10/24/2026: 10:00 AM - 06:00 PM
10/25/2026: 10:00 AM - 06:00 PM
10/26/2026: 10:00 AM - 06:00 PM
10/27/2026: 10:00 AM - 06:00 PM
10/28/2026: 10:00 AM - 06:00 PM
10/29/2026: 10:00 AM - 06:00 PM
10/30/2026: 10:00 AM - 06:00 PM
10/31/2026: 10:00 AM - 06:00 PM
11/01/2026: 10:00 AM - 06:00 PM
11/02/2026: 10:00 AM - 04:00 PM","Permanent Polling Location:
FOSTER COMMUNITY CENTER
200 N. FOSTER AVE
LANSING MI 48912

Handicap Accessable:
Y
FOSTER AVE 1 BLOCK NORTH OF E. MICHIGAN AVE","Jurisdictions:
LANSING CITY"
INGHAM COUNTY,REGION: CITY OF LANSING,"LANSING ELECTIONS OFFICE
10/24/2026: 09:00 AM - 05:00 PM
10/25/2026: 09:00 AM - 05:00 PM
10/26/2026: 09:00 AM - 05:00 PM
10/27/2026: 09:00 AM - 05:00 PM
10/28/2026: 11:00 AM - 07:00 PM
10/29/2026: 09:00 AM - 05:00 PM
10/30/2026: 09:00 AM - 05:00 PM
10/31/2026: 09:00 AM - 05:00 PM
11/01/2026: 09:00 AM - 05:00 PM
11/02/2026: 09:00 AM - 04:00 PM","Permanent Polling Location:
LANSING ELECTIONS OFFICE
701 W. JOLLY RD.
LANSING MI 48910

Handicap Accessable:
Y
","Jurisdictions:
LANSING CITY"
INGHAM COUNTY,REGION: DELHI CHARTER TOWNSHIP,"DELHI SERVICE CENTER
10/24/2026: 09:00 AM - 05:00 PM
10/25/2026: 09:00 AM - 05:00 PM
10/26/2026: 07:00 AM - 03:00 PM
10/27/2026: 07:00 AM - 03:00 PM
10/28/2026: 10:00 AM - 06:00 PM
10/29/2026: 10:00 AM - 06:00 PM
10/30/2026: 10:00 AM - 06:00 PM
10/31/2026: 09:00 AM - 05:00 PM
11/01/2026: 09:00 AM - 05:00 PM
11/02/2026: 08:00 AM - 04:00 PM","Permanent Polling Location:
DELHI SERVICE CENTER
2074 AURELIUS ROAD
HOLT MI 48842

Handicap Accessable:
Y
ON AURELIUS RD, NORTH OF HOLT RD. TWP OFFICES/LIBRARY/FIRE DEPT BUILDING","Jurisdictions:
DELHI CHARTER TOWNSHIP"
INGHAM COUNTY,REGION: EAST LANSING CITY,"CITY HALL
11/03/2026: 07:00 AM - 08:00 PM","Permanent Polling Location:
CITY HALL
410 ABBOT RD
EAST LANSING MI 48823

Handicap Accessable:
Y
","Jurisdictions:
EAST LANSING CITY"
INGHAM COUNTY,REGION: EAST LANSING CITY,"HANNAH COMMUNITY CENTER
10/24/2026: 09:00 AM - 05:00 PM
10/25/2026: 09:00 AM - 05:00 PM
10/26/2026: 09:00 AM - 05:00 PM
10/27/2026: 09:00 AM - 05:00 PM
10/28/2026: 09:00 AM - 05:00 PM
10/29/2026: 09:00 AM - 05:00 PM
10/30/2026: 09:00 AM - 05:00 PM
10/31/2026: 09:00 AM - 05:00 PM
11/01/2026: 09:00 AM - 05:00 PM
11/02/2026: 09:00 AM - 04:00 PM","Permanent Polling Location:
HANNAH COMMUNITY CENTER
819 ABBOT RD
EAST LANSING MI 48823

Handicap Accessable:
Y
AT INTERSECTION OF ABBOTT RD AND BURCHAM DR","Jurisdictions:
EAST LANSING CITY"
INGHAM COUNTY,REGION: EAST LANSING CITY,"WKAR STUDIO A
10/19/2026: 10:00 AM - 06:00 PM
10/20/2026: 10:00 AM - 06:00 PM
10/21/2026: 10:00 AM - 06:00 PM
10/22/2026: 10:00 AM - 06:00 PM
10/23/2026: 10:00 AM - 06:00 PM
10/24/2026: 10:00 AM - 06:00 PM
10/25/2026: 10:00 AM - 06:00 PM
10/26/2026: 10:00 AM - 06:00 PM
10/27/2026: 10:00 AM - 06:00 PM
10/28/2026: 10:00 AM - 06:00 PM
10/29/2026: 10:00 AM - 06:00 PM
10/30/2026: 10:00 AM - 06:00 PM
10/31/2026: 10:00 AM - 06:00 PM
11/01/2026: 10:00 AM - 06:00 PM
11/02/2026: 09:00 AM - 04:00 PM
11/03/2026: 07:00 AM - 08:00 PM","Permanent Polling Location:
WKAR STUDIO A
404 WILSON RD
EAST LANSING MI 48824

Handicap Accessable:
Y
","Jurisdictions:
EAST LANSING CITY"
INGHAM COUNTY,REGION: LEROY EV,"LEROY TOWNSHIP HALL
10/24/2026: 09:00 AM - 05:00 PM
10/25/2026: 09:00 AM - 05:00 PM
10/26/2026: 09:00 AM - 05:00 PM
10/27/2026: 09:00 AM - 05:00 PM
10/28/2026: 09:00 AM - 05:00 PM
10/29/2026: 09:00 AM - 05:00 PM
10/30/2026: 09:00 AM - 05:00 PM
10/31/2026: 09:00 AM - 05:00 PM
11/01/2026: 09:00 AM - 05:00 PM","Permanent Polling Location:
LEROY TOWNSHIP HALL
1685 N. M-52
WEBBERVILLE MI 48892

Handicap Accessable:
Y
1 1/2 MILES SOUTH OF I-96, WEST SIDE OF ROAD","Jurisdictions:
LEROY TOWNSHIP"
INGHAM COUNTY,REGION: MERIDIAN TOWNSHIP,"MERIDIAN MUNICIPAL BUILDING
10/24/2026: 08:00 AM - 05:00 PM
10/25/2026: 08:00 AM - 05:00 PM
10/26/2026: 08:00 AM - 05:00 PM
10/27/2026: 08:00 AM - 05:00 PM
10/28/2026: 08:00 AM - 05:00 PM
10/29/2026: 08:00 AM - 05:00 PM
10/30/2026: 08:00 AM - 05:00 PM
10/31/2026: 08:00 AM - 05:00 PM
11/01/2026: 08:00 AM - 05:00 PM","Permanent Polling Location:
MERIDIAN MUNICIPAL BUILDING
5151 MARSH ROAD
OKEMOS MI 48864

Handicap Accessable:
Y
","Jurisdictions:
MERIDIAN TOWNSHIP"
INGHAM COUNTY,REGION: STOCKBRIDGE TOWNSHIP,"STOCKBRIDGE TWP HALL
10/24/2026: 08:00 AM - 04:00 PM
10/25/2026: 08:00 AM - 04:00 PM
10/26/2026: 08:00 AM - 04:00 PM
10/27/2026: 08:00 AM - 04:00 PM
10/28/2026: 10:00 AM - 06:00 PM
10/29/2026: 08:00 AM - 04:00 PM
10/30/2026: 08:00 AM - 04:00 PM
10/31/2026: 08:00 AM - 04:00 PM
11/01/2026: 08:00 AM - 04:00 PM","Permanent Polling Location:
STOCKBRIDGE TWP HALL
125 S CLINTON ST
STOCKBRIDGE MI 49285

Handicap Accessable:
Y
","Jurisdictions:
STOCKBRIDGE TOWNSHIP"
INGHAM COUNTY,REGION: VEVAY ONONDAGA,"VEVAY TOWNSHIP HALL
10/24/2026: 08:00 AM - 04:00 PM
10/25/2026: 08:00 AM - 04:00 PM
10/26/2026: 08:00 AM - 04:00 PM
10/27/2026: 08:00 AM - 04:00 PM
10/28/2026: 11:00 AM - 07:00 PM
10/29/2026: 08:00 AM - 04:00 PM
10/30/2026: 08:00 AM - 04:00 PM
10/31/2026: 08:00 AM - 04:00 PM
11/01/2026: 08:00 AM - 04:00 PM","Permanent Polling Location:
VEVAY TOWNSHIP HALL
780 EDEN ROAD
MASON MI 48854

Handicap Accessable:
Y
","Jurisdictions:
ONONDAGA TOWNSHIP
VEVAY TOWNSHIP"
INGHAM COUNTY,REGION: WILLIAMSTOWN TOWNSHIP,"WILLIAMSTOWN TOWNSHIP HALL
10/24/2026: 08:00 AM - 04:00 PM
10/25/2026: 08:00 AM - 04:00 PM
10/26/2026: 08:00 AM - 04:00 PM
10/27/2026: 08:00 AM - 04:00 PM
10/28/2026: 11:00 AM - 07:00 PM
10/29/2026: 08:00 AM - 04:00 PM
10/30/2026: 08:00 AM - 04:00 PM
10/31/2026: 08:00 AM - 04:00 PM
11/01/2026: 08:00 AM - 04:00 PM","Permanent Polling Location:
WILLIAMSTOWN TOWNSHIP HALL
4990 ZIMMER RD
WILLIAMSTON MI 48895

Handicap Accessable:
Y
","Jurisdictions:
WILLIAMSTOWN TOWNSHIP"
KALAMAZOO COUNTY,"REGION: BRADY, CLIMAX, PAVILION EV#1","PAVILION TOWNSHIP
10/24/2026: 08:00 AM - 04:00 PM
10/25/2026: 08:00 AM - 04:00 PM
10/26/2026: 09:00 AM - 05:00 PM
10/27/2026: 09:00 AM - 05:00 PM
10/28/2026: 09:00 AM - 05:00 PM
10/29/2026: 09:00 AM - 05:00 PM
10/30/2026: 09:00 AM - 05:00 PM
10/31/2026: 08:00 AM - 04:00 PM
11/01/2026: 08:00 AM - 04:00 PM","Permanent Polling Location:
PAVILION TOWNSHIP
7510 EAST Q AVE
SCOTTS MI 49088

Handicap Accessable:
Y
","Jurisdictions:
BRADY TOWNSHIP
CLIMAX TOWNSHIP
PAVILION CHARTER TOWNSHIP"
KALAMAZOO COUNTY,REGION: COOPER TOWNSHIP,"COOPER TWP HALL
10/19/2026: 08:00 AM - 04:00 PM
10/20/2026: 08:00 AM - 04:00 PM
10/21/2026: 08:00 AM - 04:00 PM
10/22/2026: 08:00 AM - 04:00 PM
10/23/2026: 08:00 AM - 04:00 PM
10/24/2026: 08:00 AM - 04:00 PM
10/25/2026: 08:00 AM - 04:00 PM
10/26/2026: 08:00 AM - 04:00 PM
10/27/2026: 08:00 AM - 04:00 PM
10/28/2026: 08:00 AM - 04:00 PM
10/29/2026: 08:00 AM - 04:00 PM
10/30/2026: 08:00 AM - 04:00 PM
10/31/2026: 08:00 AM - 04:00 PM
11/01/2026: 08:00 AM - 04:00 PM
11/02/2026: 08:00 AM - 04:00 PM","Permanent Polling Location:
COOPER TWP HALL
1590 WEST D AVE
KALAMAZOO MI 49009

Handicap Accessable:
Y
","Jurisdictions:
COOPER TOWNSHIP"
KALAMAZOO COUNTY,REGION: KALAMAZOO COUNTY PARTIAL,"DOUGLASS COMMUNITY ASSOCIATION
10/24/2026: 09:00 AM - 05:00 PM
10/25/2026: 09:00 AM - 05:00 PM
10/26/2026: 09:00 AM - 05:00 PM
10/27/2026: 09:00 AM - 05:00 PM
10/28/2026: 09:00 AM - 05:00 PM
10/29/2026: 09:00 AM - 05:00 PM
10/30/2026: 09:00 AM - 05:00 PM
10/31/2026: 09:00 AM - 05:00 PM
11/01/2026: 09:00 AM - 05:00 PM","Permanent Polling Location:
DOUGLASS COMMUNITY ASSOCIATION
1000 W. PATERSON ST.
KALAMAZOO MI 49007

Handicap Accessable:
Y
","Jurisdictions:
ALAMO TOWNSHIP
CHARLESTON TOWNSHIP
KALAMAZOO CITY
KALAMAZOO TOWNSHIP
OSHTEMO TOWNSHIP
PARCHMENT CITY
PORTAGE CITY
PRAIRIE RONDE TOWNSHIP
RICHLAND TOWNSHIP
ROSS TOWNSHIP
SCHOOLCRAFT TOWNSHIP
TEXAS TOWNSHIP
WAKESHMA TOWNSHIP"
KALAMAZOO COUNTY,REGION: KALAMAZOO COUNTY PARTIAL,"FETZER CENTER
10/24/2026: 09:00 AM - 05:00 PM
10/25/2026: 09:00 AM - 05:00 PM
10/26/2026: 09:00 AM - 05:00 PM
10/27/2026: 09:00 AM - 05:00 PM
10/28/2026: 09:00 AM - 05:00 PM
10/29/2026: 09:00 AM - 05:00 PM
10/30/2026: 09:00 AM - 05:00 PM
10/31/2026: 09:00 AM - 05:00 PM
11/01/2026: 09:00 AM - 05:00 PM","Permanent Polling Location:
FETZER CENTER
2251 BUSINESS CT.
KALAMAZOO MI 49008

Handicap Accessable:
Y
ON WESTERN MICHIGAN UNIVERSITY'S CAMPUS","Jurisdictions:
ALAMO TOWNSHIP
CHARLESTON TOWNSHIP
KALAMAZOO CITY
KALAMAZOO TOWNSHIP
OSHTEMO TOWNSHIP
PARCHMENT CITY
PORTAGE CITY
PRAIRIE RONDE TOWNSHIP
RICHLAND TOWNSHIP
ROSS TOWNSHIP
SCHOOLCRAFT TOWNSHIP
TEXAS TOWNSHIP
WAKESHMA TOWNSHIP"
KALAMAZOO COUNTY,REGION: KALAMAZOO COUNTY PARTIAL,"KALAMAZOO COUNTY EXPO CENTER
10/24/2026: 09:00 AM - 05:00 PM
10/25/2026: 09:00 AM - 05:00 PM
10/26/2026: 09:00 AM - 05:00 PM
10/27/2026: 09:00 AM - 05:00 PM
10/28/2026: 09:00 AM - 05:00 PM
10/29/2026: 09:00 AM - 05:00 PM
10/30/2026: 09:00 AM - 05:00 PM
10/31/2026: 09:00 AM - 05:00 PM
11/01/2026: 09:00 AM - 05:00 PM","Permanent Polling Location:
KALAMAZOO COUNTY EXPO CENTER
2900 LAKE ST.
KALAMAZOO MI 49048

Handicap Accessable:
Y
","Jurisdictions:
ALAMO TOWNSHIP
CHARLESTON TOWNSHIP
KALAMAZOO CITY
KALAMAZOO TOWNSHIP
OSHTEMO TOWNSHIP
PARCHMENT CITY
PORTAGE CITY
PRAIRIE RONDE TOWNSHIP
RICHLAND TOWNSHIP
ROSS TOWNSHIP
SCHOOLCRAFT TOWNSHIP
TEXAS TOWNSHIP
WAKESHMA TOWNSHIP"
KALAMAZOO COUNTY,REGION: KALAMAZOO COUNTY PARTIAL,"PORTAGE PARKS AND RECREATION OFFICE
10/24/2026: 09:00 AM - 05:00 PM
10/25/2026: 09:00 AM - 05:00 PM
10/26/2026: 09:00 AM - 05:00 PM
10/27/2026: 09:00 AM - 05:00 PM
10/28/2026: 09:00 AM - 05:00 PM
10/29/2026: 09:00 AM - 05:00 PM
10/30/2026: 09:00 AM - 05:00 PM
10/31/2026: 09:00 AM - 05:00 PM
11/01/2026: 09:00 AM - 05:00 PM","Permanent Polling Location:
PORTAGE PARKS AND RECREATION OFFICE
320 LIBRARY LANE
PORTAGE MI 49002

Handicap Accessable:
Y
CURRIER DRIVE/LIBRARY LANE - BEHIND LIBRARY","Jurisdictions:
ALAMO TOWNSHIP
CHARLESTON TOWNSHIP
KALAMAZOO CITY
KALAMAZOO TOWNSHIP
OSHTEMO TOWNSHIP
PARCHMENT CITY
PORTAGE CITY
PRAIRIE RONDE TOWNSHIP
RICHLAND TOWNSHIP
ROSS TOWNSHIP
SCHOOLCRAFT TOWNSHIP
TEXAS TOWNSHIP
WAKESHMA TOWNSHIP"
KALAMAZOO COUNTY,REGION: KALAMAZOO COUNTY PARTIAL,"KALAMAZOO CITY HALL
11/03/2026: 07:00 AM - 08:00 PM","Permanent Polling Location:
KALAMAZOO CITY HALL
241 W SOUTH ST
KALAMAZOO MI 49007

Handicap Accessable:
Y
","Jurisdictions:
KALAMAZOO CITY"
KALKASKA COUNTY,REGION: GARFIELD TOWNSHIP,"GARFIELD TWP. HALL
10/24/2026: 10:00 AM - 06:00 PM
10/25/2026: 10:00 AM - 06:00 PM
10/26/2026: 10:00 AM - 06:00 PM
10/27/2026: 10:00 AM - 06:00 PM
10/28/2026: 10:00 AM - 06:00 PM
10/29/2026: 10:00 AM - 06:00 PM
10/30/2026: 10:00 AM - 06:00 PM
10/31/2026: 10:00 AM - 06:00 PM
11/01/2026: 10:00 AM - 06:00 PM","Permanent Polling Location:
GARFIELD TWP. HALL
466 W. SHARON RD. S.E.
FIFE LAKE MI 49633

Handicap Accessable:
Y
","Jurisdictions:
GARFIELD TOWNSHIP"
KALKASKA COUNTY,REGION: KALKASKA TOWNSHIP,"KALKASKA TWP HALL
10/24/2026: 08:00 AM - 04:00 PM
10/25/2026: 08:00 AM - 04:00 PM
10/26/2026: 08:00 AM - 04:00 PM
10/27/2026: 08:00 AM - 04:00 PM
10/28/2026: 08:00 AM - 04:00 PM
10/29/2026: 08:00 AM - 04:00 PM
10/30/2026: 08:00 AM - 04:00 PM
10/31/2026: 08:00 AM - 04:00 PM
11/01/2026: 08:00 AM - 04:00 PM","Permanent Polling Location:
KALKASKA TWP HALL
209 LAUREL ST
KALKASKA MI 49646

Handicap Accessable:
Y
","Jurisdictions:
KALKASKA TOWNSHIP"
KALKASKA COUNTY,REGION: SPRINGFIELD TOWNSHIP,"SPRINGFIELD TWP. HAL
10/24/2026: 08:00 AM - 04:00 PM
10/25/2026: 08:00 AM - 04:00 PM
10/26/2026: 08:00 AM - 04:00 PM
10/27/2026: 08:00 AM - 04:00 PM
10/28/2026: 08:00 AM - 04:00 PM
10/29/2026: 08:00 AM - 04:00 PM
10/30/2026: 08:00 AM - 04:00 PM
10/31/2026: 08:00 AM - 04:00 PM
11/01/2026: 08:00 AM - 04:00 PM","Permanent Polling Location:
SPRINGFIELD TWP. HAL
5253 INGERSOLL RD. SW
FIFE LAKE MI 49633

Handicap Accessable:
Y
US-131 TO SHIPPY RD. TO INGERSOLL","Jurisdictions:
SPRINGFIELD TOWNSHIP"
KENT COUNTY,REGION: ALPINE TOWNSHIP,"ALPINE TWP OFFICES
10/24/2026: 09:00 AM - 05:00 PM
10/25/2026: 09:00 AM - 05:00 PM
10/26/2026: 09:00 AM - 05:00 PM
10/27/2026: 09:00 AM - 05:00 PM
10/28/2026: 09:00 AM - 05:00 PM
10/29/2026: 09:00 AM - 05:00 PM
10/30/2026: 09:00 AM - 05:00 PM
10/31/2026: 09:00 AM - 05:00 PM
11/01/2026: 09:00 AM - 05:00 PM","Permanent Polling Location:
ALPINE TWP OFFICES
5255 ALPINE AVE NW
COMSTOCK PARK MI 49321

Handicap Accessable:
Y
","Jurisdictions:
ALPINE TOWNSHIP"
KENT COUNTY,REGION: BYRON TWP,"BYRON TOWNSHIP OFFICES
10/24/2026: 08:00 AM - 04:00 PM
10/25/2026: 08:00 AM - 04:00 PM
10/26/2026: 08:00 AM - 04:00 PM
10/27/2026: 08:00 AM - 04:00 PM
10/28/2026: 08:00 AM - 04:00 PM
10/29/2026: 08:00 AM - 04:00 PM
10/30/2026: 08:00 AM - 04:00 PM
10/31/2026: 08:00 AM - 04:00 PM
11/01/2026: 08:00 AM - 04:00 PM","Permanent Polling Location:
BYRON TOWNSHIP OFFICES
8085 BYRON CENTER AVE
BYRON CENTER MI 49315

Handicap Accessable:
Y
","Jurisdictions:
BYRON TOWNSHIP"
KENT COUNTY,REGION: GRAND RAPIDS CITY,"GRPS UNIVERSITY
10/20/2026: 11:00 AM - 07:00 PM
10/21/2026: 09:00 AM - 05:00 PM
10/22/2026: 11:00 AM - 07:00 PM
10/23/2026: 09:00 AM - 05:00 PM
10/24/2026: 09:00 AM - 05:00 PM
10/25/2026: 09:00 AM - 05:00 PM
10/26/2026: 09:00 AM - 05:00 PM
10/27/2026: 11:00 AM - 07:00 PM
10/28/2026: 09:00 AM - 05:00 PM
10/29/2026: 11:00 AM - 07:00 PM
10/30/2026: 09:00 AM - 05:00 PM
10/31/2026: 07:00 AM - 03:00 PM
11/01/2026: 09:00 AM - 05:00 PM","Permanent Polling Location:
GRPS UNIVERSITY
1400 FULLER NE
GRAND RAPIDS MI 49505

Handicap Accessable:
Y
","Jurisdictions:
GRAND RAPIDS CITY"
KENT COUNTY,REGION: GRAND RAPIDS CITY,"NEW HOPE BAPTIST CHURCH
10/20/2026: 11:00 AM - 07:00 PM
10/21/2026: 09:00 AM - 05:00 PM
10/22/2026: 11:00 AM - 07:00 PM
10/23/2026: 09:00 AM - 05:00 PM
10/24/2026: 09:00 AM - 05:00 PM
10/25/2026: 09:00 AM - 05:00 PM
10/26/2026: 09:00 AM - 05:00 PM
10/27/2026: 11:00 AM - 07:00 PM
10/28/2026: 09:00 AM - 05:00 PM
10/29/2026: 11:00 AM - 07:00 PM
10/30/2026: 09:00 AM - 05:00 PM
10/31/2026: 07:00 AM - 03:00 PM
11/01/2026: 09:00 AM - 05:00 PM","Permanent Polling Location:
NEW HOPE BAPTIST CHURCH
130 DELAWARE SW
GRAND RAPIDS MI 49507

Handicap Accessable:
Y
","Jurisdictions:
GRAND RAPIDS CITY"
KENT COUNTY,REGION: GRAND RAPIDS CITY,"OTTAWA HILLS HIGH SCHOOL
10/20/2026: 11:00 AM - 07:00 PM
10/21/2026: 09:00 AM - 05:00 PM
10/22/2026: 11:00 AM - 07:00 PM
10/23/2026: 09:00 AM - 05:00 PM
10/24/2026: 09:00 AM - 05:00 PM
10/25/2026: 09:00 AM - 05:00 PM
10/26/2026: 09:00 AM - 05:00 PM
10/27/2026: 11:00 AM - 07:00 PM
10/28/2026: 09:00 AM - 05:00 PM
10/29/2026: 11:00 AM - 07:00 PM
10/30/2026: 09:00 AM - 05:00 PM
10/31/2026: 07:00 AM - 03:00 PM
11/01/2026: 09:00 AM - 05:00 PM","Permanent Polling Location:
OTTAWA HILLS HIGH SCHOOL
2055 ROSEWOOD AVE SE
GRAND RAPIDS MI 49503

Handicap Accessable:
Y
ENTER THROUGH DOOR M ","Jurisdictions:
GRAND RAPIDS CITY"
KENT COUNTY,REGION: GRAND RAPIDS CITY,"ST. PETER & PAUL SCHOOL
10/20/2026: 11:00 AM - 07:00 PM
10/21/2026: 09:00 AM - 05:00 PM
10/22/2026: 11:00 AM - 07:00 PM
10/23/2026: 09:00 AM - 05:00 PM
10/24/2026: 09:00 AM - 05:00 PM
10/25/2026: 09:00 AM - 05:00 PM
10/26/2026: 09:00 AM - 05:00 PM
10/27/2026: 11:00 AM - 07:00 PM
10/28/2026: 09:00 AM - 05:00 PM
10/29/2026: 09:00 AM - 05:00 PM
10/30/2026: 11:00 AM - 07:00 PM
10/31/2026: 07:00 AM - 03:00 PM
11/01/2026: 09:00 AM - 05:00 PM","Permanent Polling Location:
ST. PETER & PAUL SCHOOL
1430 QUARRY NW 
GRAND RAPIDS MI 49504

Handicap Accessable:
Y
","Jurisdictions:
GRAND RAPIDS CITY"
LAPEER COUNTY,REGION: ALMONT TOWNSHIP,"ALMONT TWP HALL
10/24/2026: 08:00 AM - 04:00 PM
10/25/2026: 08:00 AM - 04:00 PM
10/26/2026: 11:00 AM - 07:00 PM
10/27/2026: 11:00 AM - 07:00 PM
10/28/2026: 11:00 AM - 07:00 PM
10/29/2026: 11:00 AM - 07:00 PM
10/30/2026: 11:00 AM - 07:00 PM
10/31/2026: 08:00 AM - 04:00 PM
11/01/2026: 08:00 AM - 04:00 PM","Permanent Polling Location:
ALMONT TWP HALL
819 N. MAIN STREET
ALMONT MI 48003

Handicap Accessable:
Y
","Jurisdictions:
ALMONT TOWNSHIP"
LAPEER COUNTY,REGION: ARCADIA TOWNSHIP,"ARCADIA TWP HALL
10/24/2026: 08:00 AM - 04:00 PM
10/25/2026: 08:00 AM - 04:00 PM
10/26/2026: 08:00 AM - 04:00 PM
10/27/2026: 08:00 AM - 04:00 PM
10/28/2026: 08:00 AM - 04:00 PM
10/29/2026: 08:00 AM - 04:00 PM
10/30/2026: 08:00 AM - 04:00 PM
10/31/2026: 08:00 AM - 04:00 PM
11/01/2026: 08:00 AM - 04:00 PM","Permanent Polling Location:
ARCADIA TWP HALL
4900 SPENCER STREET
ATTICA MI 48412

Handicap Accessable:
Y
","Jurisdictions:
ARCADIA TOWNSHIP"
LAPEER COUNTY,REGION: DRYDEN TOWNSHIP,"DRYDEN TWP HALL
10/24/2026: 08:30 AM - 04:30 PM
10/25/2026: 08:30 AM - 04:30 PM
10/26/2026: 08:30 AM - 04:30 PM
10/27/2026: 08:30 AM - 04:30 PM
10/28/2026: 08:30 AM - 04:30 PM
10/29/2026: 08:30 AM - 04:30 PM
10/30/2026: 08:30 AM - 04:30 PM
10/31/2026: 08:30 AM - 04:30 PM
11/01/2026: 08:30 AM - 04:30 PM","Permanent Polling Location:
DRYDEN TWP HALL
4849 DRYDEN ROAD
DRYDEN MI 48428

Handicap Accessable:
Y
","Jurisdictions:
DRYDEN TOWNSHIP"
LAPEER COUNTY,REGION: ELBA TOWNSHIP,"ELBA TOWNSHIP
10/24/2026: 08:00 AM - 04:00 PM
10/25/2026: 08:00 AM - 04:00 PM
10/26/2026: 08:00 AM - 04:00 PM
10/27/2026: 08:00 AM - 04:00 PM
10/28/2026: 08:00 AM - 04:00 PM
10/29/2026: 08:00 AM - 04:00 PM
10/30/2026: 08:00 AM - 04:00 PM
10/31/2026: 08:00 AM - 04:00 PM
11/01/2026: 08:00 AM - 04:00 PM","Permanent Polling Location:
ELBA TOWNSHIP
4717 LIPPINCOTT RD
LAPEER MI 48446

Handicap Accessable:
Y
","Jurisdictions:
ELBA TOWNSHIP"
LAPEER COUNTY,REGION: IMLAY TOWNSHIP REGIONAL,"IMLAY TWP HALL
10/24/2026: 08:00 AM - 04:00 PM
10/25/2026: 08:00 AM - 04:00 PM
10/26/2026: 08:00 AM - 04:00 PM
10/27/2026: 08:00 AM - 04:00 PM
10/28/2026: 08:00 AM - 04:00 PM
10/29/2026: 08:00 AM - 04:00 PM
10/30/2026: 08:00 AM - 04:00 PM
10/31/2026: 08:00 AM - 04:00 PM
11/01/2026: 08:00 AM - 04:00 PM","Permanent Polling Location:
IMLAY TWP HALL
682 N. FAIRGROUNDS ROAD
IMLAY CITY MI 48444

Handicap Accessable:
Y
","Jurisdictions:
GOODLAND TOWNSHIP
IMLAY CITY CITY
IMLAY TOWNSHIP"
LENAWEE COUNTY,REGION: LENAWEE COUNTY PARTIAL,"LENAWEE COUNTY HUMAN SERVICES BUILDING
10/24/2026: 09:00 AM - 05:00 PM
10/25/2026: 09:00 AM - 05:00 PM
10/26/2026: 09:00 AM - 05:00 PM
10/27/2026: 09:00 AM - 05:00 PM
10/28/2026: 09:00 AM - 05:00 PM
10/29/2026: 09:00 AM - 05:00 PM
10/30/2026: 09:00 AM - 05:00 PM
10/31/2026: 09:00 AM - 05:00 PM
11/01/2026: 09:00 AM - 05:00 PM","Permanent Polling Location:
LENAWEE COUNTY HUMAN SERVICES BUILDING
1040 S. WINTER STREET
ADRIAN MI 49221

Handicap Accessable:
Y
","Jurisdictions:
ADRIAN CITY
ADRIAN TOWNSHIP
BLISSFIELD TOWNSHIP
CAMBRIDGE TOWNSHIP
DEERFIELD TOWNSHIP
DOVER TOWNSHIP
FRANKLIN TOWNSHIP
HUDSON CITY
HUDSON TOWNSHIP
MACON TOWNSHIP
MADISON CHARTER TOWNSHIP
MEDINA TOWNSHIP
MORENCI CITY
OGDEN TOWNSHIP
PALMYRA TOWNSHIP
RAISIN TOWNSHIP
RIDGEWAY TOWNSHIP
RIGA TOWNSHIP
ROLLIN TOWNSHIP
ROME TOWNSHIP
SENECA TOWNSHIP
TECUMSEH CITY
TECUMSEH TOWNSHIP
WOODSTOCK TOWNSHIP"
LIVINGSTON COUNTY,REGION: BRIGHTON CHARTER TOWNSHIP EARLY VOTING,"BRIGHTON TOWNSHIP HALL
10/24/2026: 08:30 AM - 04:30 PM
10/25/2026: 08:30 AM - 04:30 PM
10/26/2026: 08:30 AM - 04:30 PM
10/27/2026: 08:30 AM - 04:30 PM
10/28/2026: 08:30 AM - 04:30 PM
10/29/2026: 08:30 AM - 04:30 PM
10/30/2026: 08:30 AM - 04:30 PM
10/31/2026: 08:30 AM - 04:30 PM
11/01/2026: 08:30 AM - 04:30 PM","Permanent Polling Location:
BRIGHTON TOWNSHIP HALL
4363 BUNO RD
BRIGHTON MI 48114

Handicap Accessable:
Y
","Jurisdictions:
BRIGHTON CHARTER TOWNSHIP"
LIVINGSTON COUNTY,REGION: BRIGHTON CITY EARLY VOTING,"BRIGHTON CITY HALL
10/24/2026: 09:00 AM - 05:00 PM
10/25/2026: 09:00 AM - 05:00 PM
10/26/2026: 09:00 AM - 05:00 PM
10/27/2026: 09:00 AM - 05:00 PM
10/28/2026: 09:00 AM - 05:00 PM
10/29/2026: 09:00 AM - 05:00 PM
10/30/2026: 09:00 AM - 05:00 PM
10/31/2026: 09:00 AM - 05:00 PM
11/01/2026: 09:00 AM - 05:00 PM","Permanent Polling Location:
BRIGHTON CITY HALL
200 N FIRST ST.
BRIGHTON MI 48116

Handicap Accessable:
Y
","Jurisdictions:
BRIGHTON CITY"
LIVINGSTON COUNTY,REGION: DEERFIELD TOWNSHIP,"DEERFIELD TWP HALL
10/24/2026: 08:00 AM - 04:00 PM
10/25/2026: 08:00 AM - 04:00 PM
10/26/2026: 08:00 AM - 04:00 PM
10/27/2026: 08:00 AM - 04:00 PM
10/28/2026: 08:00 AM - 04:00 PM
10/29/2026: 08:00 AM - 04:00 PM
10/30/2026: 08:00 AM - 04:00 PM
10/31/2026: 08:00 AM - 04:00 PM
11/01/2026: 08:00 AM - 04:00 PM","Permanent Polling Location:
DEERFIELD TWP HALL
4492 CENTER ROAD
LINDEN MI 48451

Handicap Accessable:
Y
","Jurisdictions:
DEERFIELD TOWNSHIP"
LIVINGSTON COUNTY,REGION: GREEN OAK EV CENTER,"GREEN OAK TWP HALL
10/24/2026: 08:00 AM - 05:00 PM
10/25/2026: 08:00 AM - 05:00 PM
10/26/2026: 08:00 AM - 05:00 PM
10/27/2026: 08:00 AM - 05:00 PM
10/28/2026: 08:00 AM - 05:00 PM
10/29/2026: 08:00 AM - 05:00 PM
10/30/2026: 08:00 AM - 05:00 PM
10/31/2026: 08:00 AM - 05:00 PM
11/01/2026: 08:00 AM - 05:00 PM","Permanent Polling Location:
GREEN OAK TWP HALL
10001 SILVER LAKE ROAD
BRIGHTON MI 48116

Handicap Accessable:
Y
SILVER LAKE RD & FEILDCREST","Jurisdictions:
GREEN OAK TOWNSHIP"
LIVINGSTON COUNTY,REGION: HAMBURG TOWNSHIP,"HAMBURG TWP HALL
10/24/2026: 08:30 AM - 04:30 PM
10/25/2026: 08:30 AM - 04:30 PM
10/26/2026: 08:30 AM - 04:30 PM
10/27/2026: 08:30 AM - 04:30 PM
10/28/2026: 08:30 AM - 04:30 PM
10/29/2026: 08:30 AM - 04:30 PM
10/30/2026: 08:30 AM - 04:30 PM
10/31/2026: 08:30 AM - 04:30 PM
11/01/2026: 08:30 AM - 04:30 PM","Permanent Polling Location:
HAMBURG TWP HALL
10405 MERRILL ROAD
HAMBURG MI 48139

Handicap Accessable:
Y
","Jurisdictions:
HAMBURG TOWNSHIP"
LIVINGSTON COUNTY,REGION: MARION TOWNSHIP,"MARION TOWNSHIP ASSEMBLY HALL
10/24/2026: 08:00 AM - 04:00 PM
10/25/2026: 08:00 AM - 04:00 PM
10/26/2026: 09:00 AM - 05:00 PM
10/27/2026: 09:00 AM - 05:00 PM
10/28/2026: 09:00 AM - 05:00 PM
10/29/2026: 09:00 AM - 05:00 PM
10/30/2026: 09:00 AM - 05:00 PM
10/31/2026: 08:00 AM - 04:00 PM
11/01/2026: 08:00 AM - 04:00 PM","Permanent Polling Location:
MARION TOWNSHIP ASSEMBLY HALL
2877 W. COON LAKE RD.
HOWELL MI 48843

Handicap Accessable:
Y
","Jurisdictions:
MARION TOWNSHIP"
MACOMB COUNTY,REGION: ARMADA SENIOR CENTER,"ARMADA SENIOR CENTER
10/24/2026: 08:30 AM - 04:30 PM
10/25/2026: 08:30 AM - 04:30 PM
10/26/2026: 08:30 AM - 04:30 PM
10/27/2026: 08:30 AM - 04:30 PM
10/28/2026: 08:30 AM - 04:30 PM
10/29/2026: 08:30 AM - 04:30 PM
10/30/2026: 08:30 AM - 04:30 PM
10/31/2026: 08:30 AM - 04:30 PM
11/01/2026: 08:30 AM - 04:30 PM","Permanent Polling Location:
ARMADA SENIOR CENTER
75400 NORTH AVE.
ARMADA MI 48005

Handicap Accessable:
Y
NORTH OF ARMADA CENTER","Jurisdictions:
ARMADA TOWNSHIP"
MACOMB COUNTY,"REGION: BRUCE, RAY, WASHINGTON EARLY VOTING CENTER","WASHINGTON TOWNSHIP ACTIVITY CENTER
10/24/2026: 08:30 AM - 04:30 PM
10/25/2026: 08:30 AM - 04:30 PM
10/26/2026: 08:30 AM - 04:30 PM
10/27/2026: 08:30 AM - 04:30 PM
10/28/2026: 08:30 AM - 04:30 PM
10/29/2026: 08:30 AM - 04:30 PM
10/30/2026: 08:30 AM - 04:30 PM
10/31/2026: 08:30 AM - 04:30 PM
11/01/2026: 08:30 AM - 04:30 PM","Permanent Polling Location:
WASHINGTON TOWNSHIP ACTIVITY CENTER
57880 VAN DYKE RD
WASHINGTON TOWNSHIP MI 48094

Handicap Accessable:
Y
","Jurisdictions:
BRUCE TOWNSHIP
RAY TOWNSHIP
WASHINGTON TOWNSHIP"
MACOMB COUNTY,REGION: CITY OF EASTPOINTE,"EASTPOINTE CITY HALL
10/24/2026: 08:00 AM - 04:00 PM
10/25/2026: 08:00 AM - 04:00 PM
10/26/2026: 08:00 AM - 04:00 PM
10/27/2026: 08:00 AM - 04:00 PM
10/28/2026: 08:00 AM - 04:00 PM
10/29/2026: 08:00 AM - 04:00 PM
10/30/2026: 08:00 AM - 04:00 PM
10/31/2026: 08:00 AM - 04:00 PM
11/01/2026: 08:00 AM - 04:00 PM","Permanent Polling Location:
EASTPOINTE CITY HALL
23200 GRATIOT AVE.
EASTPOINTE MI 48021

Handicap Accessable:
Y
","Jurisdictions:
EASTPOINTE CITY"
MACOMB COUNTY,REGION: CITY OF RICHMOND,"RICHMOND CITY HALL- EARLY VOTING
10/24/2026: 08:30 AM - 04:30 PM
10/25/2026: 08:30 AM - 04:30 PM
10/26/2026: 08:30 AM - 04:30 PM
10/27/2026: 08:30 AM - 04:30 PM
10/28/2026: 08:30 AM - 04:30 PM
10/29/2026: 08:30 AM - 04:30 PM
10/30/2026: 08:30 AM - 04:30 PM
10/31/2026: 08:30 AM - 04:30 PM
11/01/2026: 08:30 AM - 04:30 PM","Permanent Polling Location:
RICHMOND CITY HALL- EARLY VOTING
36725 DIVISION RD.
RICHMOND MI 48062

Handicap Accessable:
Y
","Jurisdictions:
RICHMOND CITY"
MACOMB COUNTY,REGION: HARRISON TOWNSHIP,"ROSSO HALL
10/24/2026: 08:00 AM - 04:00 PM
10/25/2026: 08:00 AM - 04:00 PM
10/26/2026: 08:00 AM - 04:00 PM
10/27/2026: 08:00 AM - 04:00 PM
10/28/2026: 08:00 AM - 04:00 PM
10/29/2026: 08:00 AM - 04:00 PM
10/30/2026: 08:00 AM - 04:00 PM
10/31/2026: 08:00 AM - 04:00 PM
11/01/2026: 08:00 AM - 04:00 PM
11/02/2026: 08:00 AM - 04:00 PM","Permanent Polling Location:
ROSSO HALL
38255 LANSE CREUSE
HARRISON TOWNSHIP MI 48045

Handicap Accessable:
Y
","Jurisdictions:
HARRISON TOWNSHIP"
MACOMB COUNTY,REGION: MACOMB TOWNSHIP,"MACOMB TWP RECREATION CENTER
10/24/2026: 09:00 AM - 05:00 PM
10/25/2026: 09:00 AM - 05:00 PM
10/26/2026: 09:00 AM - 05:00 PM
10/27/2026: 09:00 AM - 05:00 PM
10/28/2026: 09:00 AM - 05:00 PM
10/29/2026: 09:00 AM - 05:00 PM
10/30/2026: 09:00 AM - 05:00 PM
10/31/2026: 09:00 AM - 05:00 PM
11/01/2026: 09:00 AM - 05:00 PM","Permanent Polling Location:
MACOMB TWP RECREATION CENTER
20699 MACOMB ST
MACOMB MI 48042

Handicap Accessable:
Y
","Jurisdictions:
MACOMB TOWNSHIP"
MACOMB COUNTY,REGION: MOUNT CLEMENS,"CITY HALL
10/24/2026: 08:00 AM - 05:00 PM
10/25/2026: 08:00 AM - 05:00 PM
10/26/2026: 08:00 AM - 05:00 PM
10/27/2026: 08:00 AM - 05:00 PM
10/28/2026: 08:00 AM - 05:00 PM
10/29/2026: 08:00 AM - 05:00 PM
10/30/2026: 08:00 AM - 05:00 PM
10/31/2026: 08:00 AM - 05:00 PM
11/01/2026: 08:00 AM - 05:00 PM","Permanent Polling Location:
CITY HALL
ONE CROCKER BLVD.
MOUNT CLEMENS MI 48043

Handicap Accessable:
Y
MAIN COURTROOM","Jurisdictions:
MOUNT CLEMENS CITY"
MACOMB COUNTY,REGION: SHELBY CHARTER TOWNSHIP,"SHELBY TOWNSHIP EARLY VOTING CENTER
10/24/2026: 08:30 AM - 04:30 PM
10/25/2026: 08:30 AM - 04:30 PM
10/26/2026: 08:30 AM - 04:30 PM
10/27/2026: 08:30 AM - 04:30 PM
10/28/2026: 08:30 AM - 04:30 PM
10/29/2026: 08:30 AM - 04:30 PM
10/30/2026: 08:30 AM - 04:30 PM
10/31/2026: 08:30 AM - 04:30 PM
11/01/2026: 08:30 AM - 04:30 PM","Permanent Polling Location:
SHELBY TOWNSHIP EARLY VOTING CENTER
52830 VAN DYKE AVE
SHELBY TOWNSHIP MI 48316

Handicap Accessable:
Y
","Jurisdictions:
SHELBY CHARTER TOWNSHIP"
MACOMB COUNTY,REGION: ST CLAIR SHORES EARLY VOTING,"CITY HALL - ST. CLAIR SHORES
10/24/2026: 08:30 AM - 04:30 PM
10/25/2026: 08:30 AM - 04:30 PM
10/26/2026: 08:30 AM - 04:30 PM
10/27/2026: 08:30 AM - 04:30 PM
10/28/2026: 08:30 AM - 04:30 PM
10/29/2026: 08:30 AM - 04:30 PM
10/30/2026: 08:30 AM - 04:30 PM
10/31/2026: 08:30 AM - 04:30 PM
11/01/2026: 08:30 AM - 04:30 PM","Permanent Polling Location:
CITY HALL - ST. CLAIR SHORES
27600 JEFFERSON
ST CLAIR SHORES MI 48081

Handicap Accessable:
Y
11 MILE AND JEFFERSON ON EAST SIDE OF JEFFERSON","Jurisdictions:
ST CLAIR SHORES CITY"
MACOMB COUNTY,REGION: WARREN CITY,"CITY HALL ATRIUM
10/24/2026: 08:30 AM - 04:30 PM
10/25/2026: 08:30 AM - 04:30 PM
10/26/2026: 08:30 AM - 04:30 PM
10/27/2026: 08:30 AM - 04:30 PM
10/28/2026: 08:30 AM - 04:30 PM
10/29/2026: 08:30 AM - 04:30 PM
10/30/2026: 08:30 AM - 04:30 PM
10/31/2026: 08:30 AM - 04:30 PM
11/01/2026: 08:30 AM - 04:30 PM","Permanent Polling Location:
CITY HALL ATRIUM
1 CITY SQUARE
WARREN MI 48093-5290

Handicap Accessable:
Y
","Jurisdictions:
WARREN CITY"
MARQUETTE COUNTY,REGION: MARQUETTE CITY,"PETER WHITE PUBLIC LIBRARY
10/24/2026: 08:00 AM - 04:00 PM
10/25/2026: 08:00 AM - 04:00 PM
10/26/2026: 08:00 AM - 04:00 PM
10/27/2026: 08:00 AM - 04:00 PM
10/28/2026: 08:00 AM - 04:00 PM
10/29/2026: 08:00 AM - 04:00 PM
10/30/2026: 08:00 AM - 04:00 PM
10/31/2026: 08:00 AM - 04:00 PM
11/01/2026: 08:00 AM - 04:00 PM","Permanent Polling Location:
PETER WHITE PUBLIC LIBRARY
217 N. FRONT STREET
MARQUETTE MI 49855

Handicap Accessable:
Y
","Jurisdictions:
MARQUETTE CITY"
MECOSTA COUNTY,REGION: COUNTY EV SITE PARTIAL,"BIG RAPIDS TOWNSHIP HALL-EV SITE
10/24/2026: 08:30 AM - 04:30 PM
10/25/2026: 08:30 AM - 04:30 PM
10/26/2026: 08:30 AM - 04:30 PM
10/27/2026: 08:30 AM - 04:30 PM
10/28/2026: 08:30 AM - 04:30 PM
10/29/2026: 08:30 AM - 04:30 PM
10/30/2026: 08:30 AM - 04:30 PM
10/31/2026: 08:30 AM - 04:30 PM
11/01/2026: 08:30 AM - 04:30 PM","Permanent Polling Location:
BIG RAPIDS TOWNSHIP HALL-EV SITE
14230 NORTHLAND DRIVE
BIG RAPIDS MI 49307

Handicap Accessable:
Y
","Jurisdictions:
AETNA TOWNSHIP
BIG RAPIDS CITY
BIG RAPIDS TOWNSHIP
COLFAX TOWNSHIP
DEERFIELD TOWNSHIP
GRANT TOWNSHIP
GREEN TOWNSHIP
HINTON TOWNSHIP
MARTINY TOWNSHIP
MECOSTA TOWNSHIP
MILLBROOK TOWNSHIP
MORTON TOWNSHIP
SHERIDAN TOWNSHIP
WHEATLAND TOWNSHIP"
MENOMINEE COUNTY,REGION: MENOMINEE COUNTY,"MENOMINEE COUNTY ANNEX
10/24/2026: 09:00 AM - 05:00 PM
10/25/2026: 09:00 AM - 05:00 PM
10/26/2026: 09:00 AM - 05:00 PM
10/27/2026: 09:00 AM - 05:00 PM
10/28/2026: 09:00 AM - 05:00 PM
10/29/2026: 09:00 AM - 05:00 PM
10/30/2026: 09:00 AM - 05:00 PM
10/31/2026: 09:00 AM - 05:00 PM
11/01/2026: 09:00 AM - 05:00 PM","Permanent Polling Location:
MENOMINEE COUNTY ANNEX
S904 U.S. HWY 41
STEPHENSON MI 49887

Handicap Accessable:
Y
","Jurisdictions:
CEDARVILLE TOWNSHIP
DAGGETT TOWNSHIP
FAITHORN TOWNSHIP
GOURLEY TOWNSHIP
HARRIS TOWNSHIP
HOLMES TOWNSHIP
INGALLSTON TOWNSHIP
LAKE TOWNSHIP
MELLEN TOWNSHIP
MENOMINEE CITY
MENOMINEE TOWNSHIP
MEYER TOWNSHIP
NADEAU TOWNSHIP
SPALDING TOWNSHIP
STEPHENSON CITY
STEPHENSON TOWNSHIP"
MIDLAND COUNTY,REGION: MIDLAND NOVEMBER 2026,"COLEMAN CITY HALL
10/24/2026: 09:00 AM - 05:00 PM
10/25/2026: 09:00 AM - 05:00 PM
10/26/2026: 09:00 AM - 05:00 PM
10/27/2026: 09:00 AM - 05:00 PM
10/28/2026: 11:00 AM - 07:00 PM
10/29/2026: 11:00 AM - 07:00 PM
10/30/2026: 09:00 AM - 05:00 PM
10/31/2026: 09:00 AM - 05:00 PM
11/01/2026: 09:00 AM - 05:00 PM","Permanent Polling Location:
COLEMAN CITY HALL
201 E. RAILWAY ST.
COLEMAN MI 48618

Handicap Accessable:
N
","Jurisdictions:
COLEMAN CITY
EDENVILLE TOWNSHIP
GENEVA TOWNSHIP
GREENDALE TOWNSHIP
HOMER TOWNSHIP
HOPE TOWNSHIP
INGERSOLL TOWNSHIP
JASPER TOWNSHIP
JEROME TOWNSHIP
LARKIN TOWNSHIP
LEE TOWNSHIP
LINCOLN TOWNSHIP
MIDLAND CITY
MIDLAND TOWNSHIP
MILLS TOWNSHIP
MOUNT HALEY TOWNSHIP
PORTER TOWNSHIP
WARREN TOWNSHIP"
MIDLAND COUNTY,REGION: MIDLAND NOVEMBER 2026,"GREATER MIDLAND COMMUNITY CENTER
10/24/2026: 08:00 AM - 05:00 PM
10/25/2026: 08:00 AM - 05:00 PM
10/26/2026: 08:00 AM - 05:00 PM
10/27/2026: 08:00 AM - 05:00 PM
10/28/2026: 11:00 AM - 07:00 PM
10/29/2026: 11:00 AM - 07:00 PM
10/30/2026: 08:00 AM - 05:00 PM
10/31/2026: 08:00 AM - 05:00 PM
11/01/2026: 08:00 AM - 05:00 PM","Permanent Polling Location:
GREATER MIDLAND COMMUNITY CENTER
2205 JEFFERSON AVENUE
MIDLAND MI 48640

Handicap Accessable:
Y
","Jurisdictions:
COLEMAN CITY
EDENVILLE TOWNSHIP
GENEVA TOWNSHIP
GREENDALE TOWNSHIP
HOMER TOWNSHIP
HOPE TOWNSHIP
INGERSOLL TOWNSHIP
JASPER TOWNSHIP
JEROME TOWNSHIP
LARKIN TOWNSHIP
LEE TOWNSHIP
LINCOLN TOWNSHIP
MIDLAND CITY
MIDLAND TOWNSHIP
MILLS TOWNSHIP
MOUNT HALEY TOWNSHIP
PORTER TOWNSHIP
WARREN TOWNSHIP"
MISSAUKEE COUNTY,REGION: MISSAUKEE COUNTWIDE EARLY VOTING SITE,"MISSAUKEE COUNTY ANNEX BUILDING
10/24/2026: 08:30 AM - 04:30 PM
10/25/2026: 08:30 AM - 04:30 PM
10/26/2026: 08:30 AM - 04:30 PM
10/27/2026: 08:30 AM - 04:30 PM
10/28/2026: 08:30 AM - 04:30 PM
10/29/2026: 08:30 AM - 04:30 PM
10/30/2026: 08:30 AM - 04:30 PM
10/31/2026: 08:30 AM - 04:30 PM
11/01/2026: 08:30 AM - 04:30 PM","Permanent Polling Location:
MISSAUKEE COUNTY ANNEX BUILDING
105 SOUTH CANAL ST.
LAKE CITY MI 49651

Handicap Accessable:
N
","Jurisdictions:
AETNA TOWNSHIP
BLOOMFIELD TOWNSHIP
BUTTERFIELD TOWNSHIP
CALDWELL TOWNSHIP
CLAM UNION TOWNSHIP
ENTERPRISE TOWNSHIP
FOREST TOWNSHIP
HOLLAND TOWNSHIP
LAKE CITY CITY
LAKE TOWNSHIP
MCBAIN CITY
NORWICH TOWNSHIP
PIONEER TOWNSHIP
REEDER TOWNSHIP
RICHLAND TOWNSHIP
RIVERSIDE TOWNSHIP
WEST BRANCH TOWNSHIP"
MONROE COUNTY,REGION: ASH TOWNSHIP,"ASH TOWNSHIP HALL
10/24/2026: 07:30 AM - 03:30 PM
10/25/2026: 07:30 AM - 03:30 PM
10/26/2026: 08:00 AM - 04:00 PM
10/27/2026: 08:00 AM - 04:00 PM
10/28/2026: 08:00 AM - 04:00 PM
10/29/2026: 08:00 AM - 04:00 PM
10/30/2026: 08:00 AM - 04:00 PM
10/31/2026: 07:30 AM - 03:30 PM
11/01/2026: 07:30 AM - 03:30 PM","Permanent Polling Location:
ASH TOWNSHIP HALL
1677 READY ROAD
CARLETON MI 48117

Handicap Accessable:
Y
","Jurisdictions:
ASH TOWNSHIP"
MONROE COUNTY,REGION: BEDFORD TOWNSHIP,"BEDFORD TOWNSHIP GOVERNMENT BUILDING
10/24/2026: 08:00 AM - 04:00 PM
10/25/2026: 08:00 AM - 04:00 PM
10/26/2026: 08:00 AM - 04:00 PM
10/27/2026: 08:00 AM - 04:00 PM
10/28/2026: 08:00 AM - 04:00 PM
10/29/2026: 08:00 AM - 04:00 PM
10/30/2026: 08:00 AM - 04:00 PM
10/31/2026: 08:00 AM - 04:00 PM
11/01/2026: 08:00 AM - 04:00 PM","Permanent Polling Location:
BEDFORD TOWNSHIP GOVERNMENT BUILDING
8100 JACKMAN ROAD
TEMPERANCE MI 48182

Handicap Accessable:
Y
JACKMAN ROAD, SOUTH OF DEAN ROAD LOCATED ON THE EAST SIDE","Jurisdictions:
BEDFORD TOWNSHIP"
MONROE COUNTY,REGION: BERLIN TOWNSHIP,"R. LAGINESS PARK
10/24/2026: 08:00 AM - 04:00 PM
10/25/2026: 08:00 AM - 04:00 PM
10/26/2026: 08:00 AM - 04:00 PM
10/27/2026: 08:00 AM - 04:00 PM
10/28/2026: 08:00 AM - 04:00 PM
10/29/2026: 08:00 AM - 04:00 PM
10/30/2026: 08:00 AM - 04:00 PM
10/31/2026: 08:00 AM - 04:00 PM
11/01/2026: 08:00 AM - 04:00 PM","Permanent Polling Location:
R. LAGINESS PARK
9505 BRANDON ROAD
NEWPORT MI 48166

Handicap Accessable:
Y
SWAN CREEK RD. TO BRANDON RD.","Jurisdictions:
BERLIN TOWNSHIP"
MONROE COUNTY,REGION: IDA TOWNSHIP,"IDA TOWNSHIP OFFICES
10/24/2026: 08:00 AM - 04:00 PM
10/25/2026: 08:00 AM - 04:00 PM
10/26/2026: 08:00 AM - 04:00 PM
10/27/2026: 08:00 AM - 04:00 PM
10/28/2026: 08:00 AM - 04:00 PM
10/29/2026: 08:00 AM - 04:00 PM
10/30/2026: 08:00 AM - 04:00 PM
10/31/2026: 08:00 AM - 04:00 PM
11/01/2026: 08:00 AM - 04:00 PM","Permanent Polling Location:
IDA TOWNSHIP OFFICES
3016 LEWIS AVE
IDA MI 48140

Handicap Accessable:
Y
BETWEEN IDA EAST & ALBAIN ON LEWIS ","Jurisdictions:
IDA TOWNSHIP"
MONROE COUNTY,REGION: LASALLE TOWNSHIP,"LASALLE TOWNSHIP HALL
10/24/2026: 06:00 AM - 02:00 PM
10/25/2026: 06:00 AM - 02:00 PM
10/26/2026: 06:00 AM - 02:00 PM
10/27/2026: 06:00 AM - 02:00 PM
10/28/2026: 06:00 AM - 02:00 PM
10/29/2026: 06:00 AM - 02:00 PM
10/30/2026: 06:00 AM - 02:00 PM
10/31/2026: 06:00 AM - 02:00 PM
11/01/2026: 06:00 AM - 02:00 PM","Permanent Polling Location:
LASALLE TOWNSHIP HALL
4109 LAPLAISANCE RD
LASALLE MI 48145

Handicap Accessable:
Y
","Jurisdictions:
LA SALLE TOWNSHIP"
MONROE COUNTY,REGION: MONROE CHARTER TOWNSHIP,"MONROE TWP HALL
10/24/2026: 08:30 AM - 04:30 PM
10/25/2026: 08:30 AM - 04:30 PM
10/26/2026: 08:30 AM - 04:30 PM
10/27/2026: 08:30 AM - 04:30 PM
10/28/2026: 08:30 AM - 04:30 PM
10/29/2026: 08:30 AM - 04:30 PM
10/30/2026: 08:30 AM - 04:30 PM
10/31/2026: 08:30 AM - 04:30 PM
11/01/2026: 08:30 AM - 04:30 PM","Permanent Polling Location:
MONROE TWP HALL
4925 E DUNBAR RD
MONROE MI 48161

Handicap Accessable:
Y
","Jurisdictions:
MONROE TOWNSHIP"
MUSKEGON COUNTY,REGION: REGIONAL,"MUSKEGON COUNTY CONSOLIDATED SITE
10/24/2026: 08:00 AM - 04:00 PM
10/25/2026: 10:00 AM - 06:00 PM
10/26/2026: 09:00 AM - 05:00 PM
10/27/2026: 09:00 AM - 05:00 PM
10/28/2026: 09:00 AM - 05:00 PM
10/29/2026: 11:00 AM - 07:00 PM
10/30/2026: 09:00 AM - 05:00 PM
10/31/2026: 08:00 AM - 04:00 PM
11/01/2026: 10:00 AM - 06:00 PM","Permanent Polling Location:
MUSKEGON COUNTY CONSOLIDATED SITE
1903 MARQUETTE AVENUE
MUSKEGON MI 49442

Handicap Accessable:
Y
","Jurisdictions:
BLUE LAKE TOWNSHIP
CASNOVIA TOWNSHIP
CEDAR CREEK TOWNSHIP
DALTON TOWNSHIP
EGELSTON TOWNSHIP
FRUITLAND TOWNSHIP
FRUITPORT TOWNSHIP
HOLTON TOWNSHIP
LAKETON TOWNSHIP
MONTAGUE CITY
MONTAGUE TOWNSHIP
MOORLAND TOWNSHIP
MUSKEGON CITY
MUSKEGON HEIGHTS CITY
MUSKEGON TOWNSHIP
NORTH MUSKEGON CITY
NORTON SHORES CITY
RAVENNA TOWNSHIP
ROOSEVELT PARK CITY
SULLIVAN TOWNSHIP
WHITE RIVER TOWNSHIP
WHITEHALL CITY
WHITEHALL TOWNSHIP"
MUSKEGON COUNTY,REGION: REGIONAL,"CITY HALL-MUSKEGON
10/24/2026: 08:00 AM - 04:00 PM
10/25/2026: 10:00 AM - 06:00 PM
10/26/2026: 09:00 AM - 05:00 PM
10/27/2026: 09:00 AM - 05:00 PM
10/28/2026: 09:00 AM - 05:00 PM
10/29/2026: 11:00 AM - 07:00 PM
10/30/2026: 09:00 AM - 05:00 PM
10/31/2026: 08:00 AM - 04:00 PM
11/01/2026: 10:00 AM - 06:00 PM","Permanent Polling Location:
CITY HALL-MUSKEGON
933 TERRACE ST
MUSKEGON MI 49440

Handicap Accessable:
Y
","Jurisdictions:
MUSKEGON CITY"
OTTAWA COUNTY,REGION: ALLENDALE TOWNSHIP-BLENDON TOWNSHIP-HUDSONVILLE CITY,"ALLENDALE TOWNSHIP HALL
10/24/2026: 08:00 AM - 04:00 PM
10/25/2026: 08:00 AM - 04:00 PM
10/26/2026: 08:00 AM - 04:00 PM
10/27/2026: 08:00 AM - 04:00 PM
10/28/2026: 08:00 AM - 04:00 PM
10/29/2026: 08:00 AM - 04:00 PM
10/30/2026: 08:00 AM - 04:00 PM
10/31/2026: 08:00 AM - 04:00 PM
11/01/2026: 08:00 AM - 04:00 PM","Permanent Polling Location:
ALLENDALE TOWNSHIP HALL
6676 LAKE MICHIGAN DRIVE
ALLENDALE MI 49401

Handicap Accessable:
Y
","Jurisdictions:
ALLENDALE TOWNSHIP
BLENDON TOWNSHIP
HUDSONVILLE CITY"
OTTAWA COUNTY,REGION: CHESTER TWP,"CHESTER TOWNSHIP
10/24/2026: 08:00 AM - 04:00 PM
10/25/2026: 08:00 AM - 04:00 PM
10/26/2026: 08:00 AM - 04:00 PM
10/27/2026: 08:00 AM - 04:00 PM
10/28/2026: 08:00 AM - 04:00 PM
10/29/2026: 08:00 AM - 04:00 PM
10/30/2026: 08:00 AM - 04:00 PM
10/31/2026: 08:00 AM - 04:00 PM
11/01/2026: 08:00 AM - 04:00 PM","Permanent Polling Location:
CHESTER TOWNSHIP
3509 SEHLER ST.
CONKLIN MI 49403

Handicap Accessable:
Y
","Jurisdictions:
CHESTER TOWNSHIP"
OTTAWA COUNTY,REGION: PORT SHELDON TOWNSHIP,"PT SHELDON TWP HALL
10/24/2026: 08:00 AM - 04:00 PM
10/25/2026: 08:00 AM - 04:00 PM
10/26/2026: 08:00 AM - 04:00 PM
10/27/2026: 08:00 AM - 04:00 PM
10/28/2026: 11:00 AM - 07:00 PM
10/29/2026: 08:00 AM - 04:00 PM
10/30/2026: 08:00 AM - 04:00 PM
10/31/2026: 08:00 AM - 04:00 PM
11/01/2026: 08:00 AM - 04:00 PM","Permanent Polling Location:
PT SHELDON TWP HALL
16201 PORT SHELDON ST.
WEST OLIVE MI 49460

Handicap Accessable:
Y
","Jurisdictions:
PORT SHELDON TOWNSHIP"
OTTAWA COUNTY,REGION: TALLMADGE CHARTER TOWNSHIP,"TALLMADGE TOWNSHIP
10/24/2026: 08:00 AM - 04:00 PM
10/25/2026: 08:00 AM - 04:00 PM
10/26/2026: 08:00 AM - 04:00 PM
10/27/2026: 08:00 AM - 04:00 PM
10/28/2026: 08:00 AM - 04:00 PM
10/29/2026: 08:00 AM - 04:00 PM
10/30/2026: 08:00 AM - 04:00 PM
10/31/2026: 08:00 AM - 04:00 PM
11/01/2026: 08:00 AM - 04:00 PM","Permanent Polling Location:
TALLMADGE TOWNSHIP
0-1451 LEONARD STREET NW
GRAND RAPIDS MI 49534

Handicap Accessable:
Y
","Jurisdictions:
TALLMADGE TOWNSHIP"
SAGINAW COUNTY,REGION: SAGINAW COUNTY EVC,"SAGINAW COUNTY EARLY VOTING CENTER
10/24/2026: 09:00 AM - 05:00 PM
10/25/2026: 09:00 AM - 05:00 PM
10/26/2026: 09:00 AM - 05:00 PM
10/27/2026: 09:00 AM - 05:00 PM
10/28/2026: 09:00 AM - 07:00 PM
10/29/2026: 09:00 AM - 05:00 PM
10/30/2026: 09:00 AM - 05:00 PM
10/31/2026: 09:00 AM - 05:00 PM
11/01/2026: 09:00 AM - 05:00 PM","Permanent Polling Location:
SAGINAW COUNTY EARLY VOTING CENTER
618 CASS ST.
SAGINAW MI 48602

Handicap Accessable:
Y
","Jurisdictions:
ALBEE TOWNSHIP
BIRCH RUN TOWNSHIP
BLUMFIELD TOWNSHIP
BRADY TOWNSHIP
BRANT TOWNSHIP
BRIDGEPORT TOWNSHIP
BUENA VISTA CHARTER TOWNSHIP
CARROLLTON TOWNSHIP
CHAPIN TOWNSHIP
CHESANING TOWNSHIP
FRANKENMUTH CITY
FRANKENMUTH TOWNSHIP
FREMONT TOWNSHIP
JAMES TOWNSHIP
JONESFIELD TOWNSHIP
KOCHVILLE TOWNSHIP
LAKEFIELD TOWNSHIP
MAPLE GROVE TOWNSHIP
MARION TOWNSHIP
RICHLAND TOWNSHIP
SAGINAW CITY
SAGINAW TOWNSHIP
SPAULDING TOWNSHIP
ST CHARLES TOWNSHIP
SWAN CREEK TOWNSHIP
TAYMOUTH TOWNSHIP
THOMAS TOWNSHIP
TITTABAWASSEE TOWNSHIP
ZILWAUKEE CITY
ZILWAUKEE TOWNSHIP"
SHIAWASSEE COUNTY,REGION: OWOSSO CITY,"OWOSSO CITY HALL
10/24/2026: 09:00 AM - 05:00 PM
10/25/2026: 09:00 AM - 05:00 PM
10/26/2026: 09:00 AM - 05:00 PM
10/27/2026: 07:00 AM - 03:00 PM
10/28/2026: 08:00 AM - 04:00 PM
10/29/2026: 11:00 AM - 07:00 PM
10/30/2026: 11:00 AM - 07:00 PM
10/31/2026: 09:00 AM - 05:00 PM
11/01/2026: 09:00 AM - 05:00 PM","Permanent Polling Location:
OWOSSO CITY HALL
301 W. MAIN STREET
OWOSSO MI 48867

Handicap Accessable:
Y
ON THE SOUTH SIDE OF MAIN STREET, JUST EAST OF THE RIVER, PARKING IN BACK","Jurisdictions:
OWOSSO CITY"
ST CLAIR COUNTY,REGION: CITY OF PORT HURON,"MUNICIPAL OFFICE CENTER
10/24/2026: 08:30 AM - 04:30 PM
10/25/2026: 08:30 AM - 04:30 PM
10/26/2026: 08:30 AM - 04:30 PM
10/27/2026: 08:30 AM - 04:30 PM
10/28/2026: 08:30 AM - 04:30 PM
10/29/2026: 08:30 AM - 04:30 PM
10/30/2026: 08:30 AM - 04:30 PM
10/31/2026: 08:30 AM - 04:30 PM
11/01/2026: 08:30 AM - 04:30 PM","Permanent Polling Location:
MUNICIPAL OFFICE CENTER
100 MCMORRAN BLVD
PORT HURON MI 48060

Handicap Accessable:
N
","Jurisdictions:
PORT HURON CITY"
ST CLAIR COUNTY,REGION: CLYDE TOWNSHIP PCT 1 & 2,"TOWNSHIP HALL
10/24/2026: 08:00 AM - 04:00 PM
10/25/2026: 08:00 AM - 04:00 PM
10/26/2026: 08:00 AM - 04:00 PM
10/27/2026: 08:00 AM - 04:00 PM
10/28/2026: 08:00 AM - 04:00 PM
10/29/2026: 08:00 AM - 04:00 PM
10/30/2026: 08:00 AM - 04:00 PM
10/31/2026: 08:00 AM - 04:00 PM
11/01/2026: 08:00 AM - 04:00 PM","Permanent Polling Location:
TOWNSHIP HALL
3350 VINCENT ROAD
NORTH STREET MI 48049

Handicap Accessable:
Y
","Jurisdictions:
CLYDE TOWNSHIP"
ST CLAIR COUNTY,REGION: COTTRELLVILLE EARLY VOTING,"COTTRELLVILLE TWP
10/24/2026: 08:00 AM - 04:00 PM
10/25/2026: 08:00 AM - 04:00 PM
10/26/2026: 08:00 AM - 04:00 PM
10/27/2026: 08:00 AM - 04:00 PM
10/28/2026: 08:00 AM - 04:00 PM
10/29/2026: 08:00 AM - 04:00 PM
10/30/2026: 08:00 AM - 04:00 PM
10/31/2026: 08:00 AM - 04:00 PM
11/01/2026: 08:00 AM - 04:00 PM","Permanent Polling Location:
COTTRELLVILLE TWP
7008 MARSH ROAD
MARINE CITY MI 48039

Handicap Accessable:
Y
","Jurisdictions:
COTTRELLVILLE TOWNSHIP"
ST CLAIR COUNTY,REGION: EAST CHINA TOWNSHIP,"TOWNSHIP HALL
10/24/2026: 07:00 AM - 03:00 PM
10/25/2026: 07:00 AM - 03:00 PM
10/26/2026: 07:00 AM - 03:00 PM
10/27/2026: 07:00 AM - 03:00 PM
10/28/2026: 07:00 AM - 03:00 PM
10/29/2026: 07:00 AM - 03:00 PM
10/30/2026: 07:00 AM - 03:00 PM
10/31/2026: 07:00 AM - 03:00 PM
11/01/2026: 07:00 AM - 03:00 PM","Permanent Polling Location:
TOWNSHIP HALL
5111 RIVER ROAD
EAST CHINA MI 48054

Handicap Accessable:
Y
","Jurisdictions:
EAST CHINA TOWNSHIP"
ST CLAIR COUNTY,REGION: EMMETT TOWNSHIP,"EMMETT TOWNSHIP HALL
10/24/2026: 09:00 AM - 05:00 PM
10/25/2026: 09:00 AM - 05:00 PM
10/26/2026: 09:00 AM - 05:00 PM
10/27/2026: 09:00 AM - 05:00 PM
10/28/2026: 09:00 AM - 05:00 PM
10/29/2026: 09:00 AM - 05:00 PM
10/30/2026: 09:00 AM - 05:00 PM
10/31/2026: 09:00 AM - 05:00 PM
11/01/2026: 09:00 AM - 05:00 PM","Permanent Polling Location:
EMMETT TOWNSHIP HALL
11100 DUNNIGAN ROAD
EMMETT MI 48022

Handicap Accessable:
Y
","Jurisdictions:
EMMETT TOWNSHIP"
ST CLAIR COUNTY,REGION: FORT GRATIOT TOWNSHIP,"FT GRATIOT TWP HALL
10/24/2026: 08:30 AM - 04:30 PM
10/25/2026: 08:30 AM - 04:30 PM
10/26/2026: 08:30 AM - 04:30 PM
10/27/2026: 08:30 AM - 04:30 PM
10/28/2026: 08:30 AM - 04:30 PM
10/29/2026: 08:30 AM - 04:30 PM
10/30/2026: 08:30 AM - 04:30 PM
10/31/2026: 08:30 AM - 04:30 PM
11/01/2026: 08:30 AM - 04:30 PM","Permanent Polling Location:
FT GRATIOT TWP HALL
3720 KEEWAHDIN RD
FORT GRATIOT MI 48059

Handicap Accessable:
Y
","Jurisdictions:
FORT GRATIOT TOWNSHIP"
ST CLAIR COUNTY,REGION: GREENWOOD,"GREENWOOD TWP HALL
10/24/2026: 08:30 AM - 04:30 PM
10/25/2026: 08:30 AM - 04:30 PM
10/26/2026: 08:30 AM - 04:30 PM
10/27/2026: 08:30 AM - 04:30 PM
10/28/2026: 08:30 AM - 04:30 PM
10/29/2026: 08:30 AM - 04:30 PM
10/30/2026: 08:30 AM - 04:30 PM
10/31/2026: 08:30 AM - 04:30 PM
11/01/2026: 08:30 AM - 04:30 PM","Permanent Polling Location:
GREENWOOD TWP HALL
9025 YALE ROAD
AVOCA MI 48006

Handicap Accessable:
Y
","Jurisdictions:
GRANT TOWNSHIP
GREENWOOD TOWNSHIP"
ST CLAIR COUNTY,REGION: KIMBALL/KENOCKEE/WALES,"KIMBALL TWP HALL
10/24/2026: 08:00 AM - 04:30 PM
10/25/2026: 08:00 AM - 04:30 PM
10/26/2026: 08:00 AM - 04:30 PM
10/27/2026: 08:00 AM - 04:30 PM
10/28/2026: 12:00 PM - 08:00 PM
10/29/2026: 08:00 AM - 05:00 PM
10/30/2026: 08:00 AM - 04:30 PM
10/31/2026: 08:00 AM - 04:30 PM
11/01/2026: 08:00 AM - 04:30 PM","Permanent Polling Location:
KIMBALL TWP HALL
2160 WADHAMS 
KIMBALL MI 48074

Handicap Accessable:
Y
","Jurisdictions:
KENOCKEE TOWNSHIP
KIMBALL TOWNSHIP
WALES TOWNSHIP"
ST CLAIR COUNTY,REGION: MARINE CITY,"CITY HALL
10/24/2026: 08:00 AM - 04:00 PM
10/25/2026: 08:00 AM - 04:00 PM
10/26/2026: 08:00 AM - 04:00 PM
10/27/2026: 08:00 AM - 04:00 PM
10/28/2026: 08:00 AM - 04:00 PM
10/29/2026: 08:00 AM - 04:00 PM
10/30/2026: 08:00 AM - 04:00 PM
10/31/2026: 08:00 AM - 04:00 PM
11/01/2026: 08:00 AM - 04:00 PM","Permanent Polling Location:
CITY HALL
260 SOUTH PARKER STREET
MARINE CITY MI 48039

Handicap Accessable:
Y
","Jurisdictions:
MARINE CITY CITY"
ST CLAIR COUNTY,REGION: PORT HURON TOWNSHIP,"PORT HURON TWP HALL
10/24/2026: 08:30 AM - 04:30 PM
10/25/2026: 08:30 AM - 04:30 PM
10/26/2026: 08:30 AM - 04:30 PM
10/27/2026: 08:30 AM - 04:30 PM
10/28/2026: 08:30 AM - 04:30 PM
10/29/2026: 08:30 AM - 04:30 PM
10/30/2026: 08:30 AM - 04:30 PM
10/31/2026: 08:30 AM - 04:30 PM
11/01/2026: 08:30 AM - 04:30 PM","Permanent Polling Location:
PORT HURON TWP HALL
3800 LAPEER ROAD
PORT HURON MI 48060

Handicap Accessable:
Y
BETWEEN MICHIGAN RD & I-94 OVERPASS","Jurisdictions:
PORT HURON TOWNSHIP"
ST CLAIR COUNTY,REGION: ST CLAIR COUNTY,"BURTCHVILLE TOWNSHIP
10/24/2026: 07:00 AM - 03:00 PM
10/25/2026: 07:00 AM - 03:00 PM
10/26/2026: 07:00 AM - 03:00 PM
10/27/2026: 07:00 AM - 03:00 PM
10/28/2026: 07:00 AM - 03:00 PM
10/29/2026: 07:00 AM - 03:00 PM
10/30/2026: 07:00 AM - 03:00 PM
10/31/2026: 07:00 AM - 03:00 PM
11/01/2026: 07:00 AM - 03:00 PM","Permanent Polling Location:
BURTCHVILLE TOWNSHIP
4000 BURTCH ROAD
BURTCHVILLE MI 48059

Handicap Accessable:
Y
","Jurisdictions:
BURTCHVILLE TOWNSHIP"
WASHTENAW COUNTY,REGION: ANN ARBOR CITY,"ANN ARBOR CITY CLERK'S OFFICE
11/03/2026: 07:00 AM - 08:00 PM","Permanent Polling Location:
ANN ARBOR CITY CLERK'S OFFICE
301 E. HURON ST.
ANN ARBOR MI 48104

Handicap Accessable:
Y
","Jurisdictions:
ANN ARBOR CITY"
WASHTENAW COUNTY,REGION: ANN ARBOR CITY,"ANN ARBOR CITY HALL
10/24/2026: 09:00 AM - 05:00 PM
10/25/2026: 09:00 AM - 05:00 PM
10/26/2026: 09:00 AM - 05:00 PM
10/27/2026: 09:00 AM - 05:00 PM
10/28/2026: 09:00 AM - 05:00 PM
10/29/2026: 09:00 AM - 05:00 PM
10/30/2026: 09:00 AM - 05:00 PM
10/31/2026: 09:00 AM - 05:00 PM
11/01/2026: 09:00 AM - 05:00 PM","Permanent Polling Location:
ANN ARBOR CITY HALL
301 E. HURON STREET
ANN ARBOR MI 48104

Handicap Accessable:
Y
","Jurisdictions:
ANN ARBOR CITY"
WASHTENAW COUNTY,REGION: ANN ARBOR CITY,"DUDERSTADT - E-DAY VOTE CENTER
11/03/2026: 07:00 AM - 08:00 PM","Permanent Polling Location:
DUDERSTADT - E-DAY VOTE CENTER
2281 BONISTEEL BLVD
ANN ARBOR MI 48109

Handicap Accessable:
Y
","Jurisdictions:
ANN ARBOR CITY"
WASHTENAW COUNTY,REGION: ANN ARBOR CITY,"DUDERSTADT CENTER GALLERY
10/21/2026: 11:00 AM - 07:00 PM
10/22/2026: 11:00 AM - 07:00 PM
10/23/2026: 11:00 AM - 07:00 PM
10/24/2026: 11:00 AM - 07:00 PM
10/25/2026: 11:00 AM - 07:00 PM
10/26/2026: 11:00 AM - 07:00 PM
10/27/2026: 11:00 AM - 07:00 PM
10/28/2026: 11:00 AM - 07:00 PM
10/29/2026: 11:00 AM - 07:00 PM
10/30/2026: 11:00 AM - 07:00 PM
10/31/2026: 11:00 AM - 07:00 PM
11/01/2026: 11:00 AM - 07:00 PM","Permanent Polling Location:
DUDERSTADT CENTER GALLERY
2281 BONISTEEL BLVD
ANN ARBOR MI 48109

Handicap Accessable:
Y
","Jurisdictions:
ANN ARBOR CITY"
WASHTENAW COUNTY,REGION: ANN ARBOR CITY,"MALLETTS CREEK LIBRARY
10/24/2026: 11:00 AM - 07:00 PM
10/25/2026: 11:00 AM - 07:00 PM
10/26/2026: 11:00 AM - 07:00 PM
10/27/2026: 11:00 AM - 07:00 PM
10/28/2026: 11:00 AM - 07:00 PM
10/29/2026: 11:00 AM - 07:00 PM
10/30/2026: 11:00 AM - 07:00 PM
10/31/2026: 11:00 AM - 07:00 PM
11/01/2026: 11:00 AM - 07:00 PM","Permanent Polling Location:
MALLETTS CREEK LIBRARY
3090 E. EISENHOWER PKWY
ANN ARBOR MI 48108

Handicap Accessable:
Y
","Jurisdictions:
ANN ARBOR CITY"
WASHTENAW COUNTY,REGION: ANN ARBOR CITY,"TRAVERWOOD LIBRARY
10/24/2026: 11:00 AM - 07:00 PM
10/25/2026: 11:00 AM - 07:00 PM
10/26/2026: 11:00 AM - 07:00 PM
10/27/2026: 11:00 AM - 07:00 PM
10/28/2026: 11:00 AM - 07:00 PM
10/29/2026: 11:00 AM - 07:00 PM
10/30/2026: 11:00 AM - 07:00 PM
10/31/2026: 11:00 AM - 07:00 PM
11/01/2026: 11:00 AM - 07:00 PM","Permanent Polling Location:
TRAVERWOOD LIBRARY
3333 TRAVERWOOD DRIVE
ANN ARBOR MI 48105

Handicap Accessable:
Y
","Jurisdictions:
ANN ARBOR CITY"
WASHTENAW COUNTY,REGION: ANN ARBOR CITY,"UMMA - UM MUSEUM OF ART
10/21/2026: 11:00 AM - 07:00 PM
10/22/2026: 11:00 AM - 07:00 PM
10/23/2026: 11:00 AM - 07:00 PM
10/24/2026: 11:00 AM - 07:00 PM
10/25/2026: 11:00 AM - 07:00 PM
10/26/2026: 11:00 AM - 07:00 PM
10/27/2026: 11:00 AM - 07:00 PM
10/28/2026: 11:00 AM - 07:00 PM
10/29/2026: 11:00 AM - 07:00 PM
10/30/2026: 11:00 AM - 07:00 PM
10/31/2026: 11:00 AM - 07:00 PM
11/01/2026: 11:00 AM - 07:00 PM","Permanent Polling Location:
UMMA - UM MUSEUM OF ART
525 S. STATE STREET
ANN ARBOR MI 48109

Handicap Accessable:
Y
","Jurisdictions:
ANN ARBOR CITY"
WASHTENAW COUNTY,REGION: ANN ARBOR CITY,"UMMA MUSEUM OF ART E-DAY VOTE CENTER
11/03/2026: 07:00 AM - 08:00 PM","Permanent Polling Location:
UMMA MUSEUM OF ART E-DAY VOTE CENTER
525 S. STATE STREET
ANN ARBOR MI 48109

Handicap Accessable:
Y
","Jurisdictions:
ANN ARBOR CITY"
WASHTENAW COUNTY,REGION: ANN ARBOR CITY,"WESTGATE LIBRARY
10/24/2026: 11:00 AM - 07:00 PM
10/25/2026: 11:00 AM - 07:00 PM
10/26/2026: 11:00 AM - 07:00 PM
10/27/2026: 11:00 AM - 07:00 PM
10/28/2026: 11:00 AM - 07:00 PM
10/29/2026: 11:00 AM - 07:00 PM
10/30/2026: 11:00 AM - 07:00 PM
10/31/2026: 11:00 AM - 07:00 PM
11/01/2026: 11:00 AM - 07:00 PM","Permanent Polling Location:
WESTGATE LIBRARY
2503 JACKSON AVENUE
ANN ARBOR MI 48103

Handicap Accessable:
Y
","Jurisdictions:
ANN ARBOR CITY"
WASHTENAW COUNTY,REGION: BRIDGEWATER TOWNSHIP,"TOWNSHIP HALL
10/24/2026: 12:00 PM - 08:00 PM
10/25/2026: 09:00 AM - 05:00 PM
10/26/2026: 09:00 AM - 05:00 PM
10/27/2026: 09:00 AM - 05:00 PM
10/28/2026: 12:00 PM - 08:00 PM
10/29/2026: 09:00 AM - 05:00 PM
10/30/2026: 09:00 AM - 05:00 PM
10/31/2026: 09:00 AM - 05:00 PM
11/01/2026: 09:00 AM - 05:00 PM","Permanent Polling Location:
TOWNSHIP HALL
10990 CLINTON ROAD 
MANCHESTER MI 48158

Handicap Accessable:
N
","Jurisdictions:
BRIDGEWATER TOWNSHIP"
WASHTENAW COUNTY,REGION: COUNTY COORDINATED,"SCIO TOWNSHIP HALL
10/24/2026: 09:00 AM - 05:00 PM
10/25/2026: 09:00 AM - 05:00 PM
10/26/2026: 09:00 AM - 05:00 PM
10/27/2026: 09:00 AM - 05:00 PM
10/28/2026: 09:00 AM - 05:00 PM
10/29/2026: 09:00 AM - 05:00 PM
10/30/2026: 09:00 AM - 05:00 PM
10/31/2026: 09:00 AM - 05:00 PM
11/01/2026: 09:00 AM - 05:00 PM","Permanent Polling Location:
SCIO TOWNSHIP HALL
827 N. ZEEB RD.
ANN ARBOR MI 48103

Handicap Accessable:
Y
","Jurisdictions:
ANN ARBOR TOWNSHIP
DEXTER CITY
DEXTER TOWNSHIP
NORTHFIELD TOWNSHIP
SCIO TOWNSHIP
WEBSTER TOWNSHIP"
WASHTENAW COUNTY,REGION: COUNTY COORDINATED,"WASHTENAW COUNTY LRC
10/24/2026: 09:00 AM - 05:00 PM
10/25/2026: 09:00 AM - 05:00 PM
10/26/2026: 09:00 AM - 05:00 PM
10/27/2026: 09:00 AM - 05:00 PM
10/28/2026: 09:00 AM - 05:00 PM
10/29/2026: 09:00 AM - 05:00 PM
10/30/2026: 09:00 AM - 05:00 PM
10/31/2026: 09:00 AM - 05:00 PM
11/01/2026: 09:00 AM - 05:00 PM","Permanent Polling Location:
WASHTENAW COUNTY LRC
4135 WASHTENAW AVE
ANN ARBOR MI 48108

Handicap Accessable:
Y
","Jurisdictions:
ANN ARBOR TOWNSHIP
AUGUSTA TOWNSHIP
CHELSEA CITY
DEXTER CITY
DEXTER TOWNSHIP
FREEDOM TOWNSHIP
LIMA TOWNSHIP
LODI TOWNSHIP
LYNDON TOWNSHIP
MANCHESTER CITY
MANCHESTER TOWNSHIP
NORTHFIELD TOWNSHIP
PITTSFIELD CHARTER TOWNSHIP
SALEM TOWNSHIP
SALINE CITY
SALINE TOWNSHIP
SCIO TOWNSHIP
SHARON TOWNSHIP
SUPERIOR TOWNSHIP
SYLVAN TOWNSHIP
WEBSTER TOWNSHIP
YORK TOWNSHIP
YPSILANTI CITY"
WASHTENAW COUNTY,REGION: COUNTY COORDINATED,"YPSILANTI FREIGHTHOUSE
10/24/2026: 09:00 AM - 05:00 PM
10/25/2026: 09:00 AM - 05:00 PM
10/26/2026: 09:00 AM - 05:00 PM
10/27/2026: 09:00 AM - 05:00 PM
10/28/2026: 09:00 AM - 05:00 PM
10/29/2026: 09:00 AM - 05:00 PM
10/30/2026: 09:00 AM - 05:00 PM
10/31/2026: 09:00 AM - 05:00 PM
11/01/2026: 09:00 AM - 05:00 PM","Permanent Polling Location:
YPSILANTI FREIGHTHOUSE
100 MARKET PLACE
YPSILANTI MI 48198

Handicap Accessable:
Y
","Jurisdictions:
AUGUSTA TOWNSHIP
SALEM TOWNSHIP
SUPERIOR TOWNSHIP
YPSILANTI CITY"
WASHTENAW COUNTY,REGION: COUNTY COORDINATED,"SYLVAN TOWNSHIP HALL
10/24/2026: 09:00 AM - 05:00 PM
10/25/2026: 09:00 AM - 05:00 PM
10/26/2026: 09:00 AM - 05:00 PM
10/27/2026: 09:00 AM - 05:00 PM
10/28/2026: 09:00 AM - 05:00 PM
10/29/2026: 09:00 AM - 05:00 PM
10/30/2026: 09:00 AM - 05:00 PM
10/31/2026: 09:00 AM - 05:00 PM
11/01/2026: 09:00 AM - 05:00 PM","Permanent Polling Location:
SYLVAN TOWNSHIP HALL
18027 OLD US 12
CHELSEA MI 48118

Handicap Accessable:
Y
","Jurisdictions:
CHELSEA CITY
FREEDOM TOWNSHIP
LIMA TOWNSHIP
LYNDON TOWNSHIP
MANCHESTER CITY
MANCHESTER TOWNSHIP
SHARON TOWNSHIP
SYLVAN TOWNSHIP"
WASHTENAW COUNTY,REGION: COUNTY COORDINATED,"PITTSFIELD ADMN BLDG
10/24/2026: 09:00 AM - 05:00 PM
10/25/2026: 09:00 AM - 05:00 PM
10/26/2026: 09:00 AM - 05:00 PM
10/27/2026: 09:00 AM - 05:00 PM
10/28/2026: 09:00 AM - 05:00 PM
10/29/2026: 09:00 AM - 05:00 PM
10/30/2026: 09:00 AM - 05:00 PM
10/31/2026: 09:00 AM - 05:00 PM
11/01/2026: 09:00 AM - 05:00 PM","Permanent Polling Location:
PITTSFIELD ADMN BLDG
6201 W MICHIGAN AVE
ANN ARBOR MI 48108

Handicap Accessable:
Y
CORNER PLATT RD. AND MICHIGAN AVE.","Jurisdictions:
LODI TOWNSHIP
PITTSFIELD CHARTER TOWNSHIP
SALINE CITY
SALINE TOWNSHIP
YORK TOWNSHIP"
WASHTENAW COUNTY,REGION: MILAN CITY,"MILAN CITY HALL
10/24/2026: 07:00 AM - 03:00 PM
10/25/2026: 07:00 AM - 03:00 PM
10/26/2026: 08:00 AM - 04:00 PM
10/27/2026: 08:00 AM - 04:00 PM
10/28/2026: 08:00 AM - 04:00 PM
10/29/2026: 08:00 AM - 04:00 PM
10/30/2026: 07:00 AM - 03:00 PM
10/31/2026: 07:00 AM - 03:00 PM
11/01/2026: 07:00 AM - 03:00 PM","Permanent Polling Location:
MILAN CITY HALL
147 WABASH STREET
MILAN MI 48160

Handicap Accessable:
Y
","Jurisdictions:
MILAN CITY"
WASHTENAW COUNTY,REGION: YPSILANTI TOWNSHIP,"YPSI TWP CIVIC CENTR
10/24/2026: 08:00 AM - 04:00 PM
10/25/2026: 08:00 AM - 04:00 PM
10/26/2026: 08:00 AM - 04:00 PM
10/27/2026: 11:00 AM - 07:00 PM
10/28/2026: 08:00 AM - 04:00 PM
10/29/2026: 11:00 AM - 07:00 PM
10/30/2026: 08:00 AM - 04:00 PM
10/31/2026: 08:00 AM - 04:00 PM
11/01/2026: 08:00 AM - 04:00 PM","Permanent Polling Location:
YPSI TWP CIVIC CENTR
7200 S. HURON RIVER DR
YPSILANTI MI 48197

Handicap Accessable:
Y
","Jurisdictions:
YPSILANTI TOWNSHIP"
WASHTENAW COUNTY,REGION: YPSILANTI TOWNSHIP,"YPSI TWP COMM CENTER
10/24/2026: 08:00 AM - 05:00 PM
10/25/2026: 08:00 AM - 05:00 PM
10/26/2026: 08:00 AM - 05:00 PM
10/27/2026: 08:00 AM - 05:00 PM
10/28/2026: 08:00 AM - 05:00 PM
10/29/2026: 08:00 AM - 05:00 PM
10/30/2026: 08:00 AM - 05:00 PM
10/31/2026: 08:00 AM - 05:00 PM
11/01/2026: 08:00 AM - 05:00 PM","Permanent Polling Location:
YPSI TWP COMM CENTER
2025  E CLARK RD
YPSILANTI MI 48198

Handicap Accessable:
Y
","Jurisdictions:
YPSILANTI TOWNSHIP"
WAYNE COUNTY,REGION: BROWNSTOWN TOWNSHIP,"EVENT CENTER
10/24/2026: 08:00 AM - 04:00 PM
10/25/2026: 08:00 AM - 04:00 PM
10/26/2026: 08:00 AM - 04:00 PM
10/27/2026: 08:00 AM - 04:00 PM
10/28/2026: 08:00 AM - 04:00 PM
10/29/2026: 08:00 AM - 04:00 PM
10/30/2026: 08:00 AM - 04:00 PM
10/31/2026: 08:00 AM - 04:00 PM
11/01/2026: 08:00 AM - 04:00 PM","Permanent Polling Location:
EVENT CENTER
23345 KING ROAD
BROWSTOWN MI 48183

Handicap Accessable:
Y
","Jurisdictions:
BROWNSTOWN TOWNSHIP"
WAYNE COUNTY,REGION: CITY OF ALLEN PARK,"ALLEN PARK CITY HALL
10/24/2026: 08:30 AM - 04:30 PM
10/25/2026: 08:30 AM - 04:30 PM
10/26/2026: 08:30 AM - 04:30 PM
10/27/2026: 08:30 AM - 04:30 PM
10/28/2026: 11:00 AM - 07:00 PM
10/29/2026: 08:30 AM - 04:30 PM
10/30/2026: 11:00 AM - 07:00 PM
10/31/2026: 08:30 AM - 04:30 PM
11/01/2026: 08:30 AM - 04:30 PM","Permanent Polling Location:
ALLEN PARK CITY HALL
15915 SOUTHFIELD RD 
ALLEN PARK MI 48101

Handicap Accessable:
N
","Jurisdictions:
ALLEN PARK CITY"
WAYNE COUNTY,REGION: CITY OF DETROIT,"ADAM BUTZEL REC CENTER
10/24/2026: 09:00 AM - 05:00 PM
10/25/2026: 09:00 AM - 05:00 PM
10/26/2026: 09:00 AM - 05:00 PM
10/27/2026: 09:00 AM - 05:00 PM
10/28/2026: 09:00 AM - 05:00 PM
10/29/2026: 09:00 AM - 05:00 PM
10/30/2026: 09:00 AM - 05:00 PM
10/31/2026: 09:00 AM - 05:00 PM
11/01/2026: 09:00 AM - 05:00 PM","Permanent Polling Location:
ADAM BUTZEL REC CENTER
10500 LYNDON
DETROIT MI 48235

Handicap Accessable:
Y
","Jurisdictions:
DETROIT CITY"
WAYNE COUNTY,REGION: CITY OF DETROIT,"CITY CLERK'S OFFICE AT CAYMC
10/24/2026: 09:00 AM - 05:00 PM
10/25/2026: 09:00 AM - 05:00 PM
10/26/2026: 09:00 AM - 05:00 PM
10/27/2026: 09:00 AM - 05:00 PM
10/28/2026: 09:00 AM - 05:00 PM
10/29/2026: 09:00 AM - 05:00 PM
10/30/2026: 09:00 AM - 05:00 PM
10/31/2026: 09:00 AM - 05:00 PM
11/01/2026: 09:00 AM - 05:00 PM
11/03/2026: 07:00 AM - 08:00 PM","Permanent Polling Location:
CITY CLERK'S OFFICE AT CAYMC
2 WOODWARD AVE., STE. 106
DETROIT MI 48226

Handicap Accessable:
Y
","Jurisdictions:
DETROIT CITY"
WAYNE COUNTY,REGION: CITY OF DETROIT,"CLARK PARK
10/24/2026: 09:00 AM - 05:00 PM
10/25/2026: 09:00 AM - 05:00 PM
10/26/2026: 09:00 AM - 05:00 PM
10/27/2026: 09:00 AM - 05:00 PM
10/28/2026: 09:00 AM - 05:00 PM
10/29/2026: 09:00 AM - 05:00 PM
10/30/2026: 09:00 AM - 05:00 PM
10/31/2026: 09:00 AM - 05:00 PM
11/01/2026: 09:00 AM - 05:00 PM","Permanent Polling Location:
CLARK PARK
1130 CLARK AVE.
DETROIT MI 48209

Handicap Accessable:
Y
","Jurisdictions:
DETROIT CITY"
WAYNE COUNTY,REGION: CITY OF DETROIT,"DEPARTMENT OF ELECTIONS
10/24/2026: 09:00 AM - 05:00 PM
10/25/2026: 09:00 AM - 05:00 PM
10/26/2026: 09:00 AM - 05:00 PM
10/27/2026: 09:00 AM - 05:00 PM
10/28/2026: 09:00 AM - 05:00 PM
10/29/2026: 09:00 AM - 05:00 PM
10/30/2026: 09:00 AM - 05:00 PM
10/31/2026: 09:00 AM - 05:00 PM
11/01/2026: 09:00 AM - 05:00 PM
11/03/2026: 07:00 AM - 08:00 PM","Permanent Polling Location:
DEPARTMENT OF ELECTIONS
2978 W. GRAND BLVD. 
DETROIT MI 48202

Handicap Accessable:
Y
","Jurisdictions:
DETROIT CITY"
WAYNE COUNTY,REGION: CITY OF DETROIT,"FARWELL REC CENTER
10/24/2026: 09:00 AM - 05:00 PM
10/25/2026: 09:00 AM - 05:00 PM
10/26/2026: 09:00 AM - 05:00 PM
10/27/2026: 09:00 AM - 05:00 PM
10/28/2026: 09:00 AM - 05:00 PM
10/29/2026: 09:00 AM - 05:00 PM
10/30/2026: 09:00 AM - 05:00 PM
10/31/2026: 09:00 AM - 05:00 PM
11/01/2026: 09:00 AM - 05:00 PM","Permanent Polling Location:
FARWELL REC CENTER
2711 E. OUTER DRIVE
DETROIT MI 48234

Handicap Accessable:
N
","Jurisdictions:
DETROIT CITY"
WAYNE COUNTY,REGION: CITY OF DETROIT,"NORTHWEST ACT CENTER
10/24/2026: 09:00 AM - 05:00 PM
10/25/2026: 09:00 AM - 05:00 PM
10/26/2026: 09:00 AM - 05:00 PM
10/27/2026: 09:00 AM - 05:00 PM
10/28/2026: 09:00 AM - 05:00 PM
10/29/2026: 09:00 AM - 05:00 PM
10/30/2026: 09:00 AM - 05:00 PM
10/31/2026: 09:00 AM - 05:00 PM
11/01/2026: 09:00 AM - 05:00 PM","Permanent Polling Location:
NORTHWEST ACT CENTER
18100 MEYERS RD.
DETROIT MI 48235

Handicap Accessable:
Y
","Jurisdictions:
DETROIT CITY"
WAYNE COUNTY,REGION: CITY OF DETROIT,"WAYNE CO. COMM COLL.
10/24/2026: 09:00 AM - 05:00 PM
10/25/2026: 09:00 AM - 05:00 PM
10/26/2026: 09:00 AM - 05:00 PM
10/27/2026: 09:00 AM - 05:00 PM
10/28/2026: 09:00 AM - 05:00 PM
10/29/2026: 09:00 AM - 05:00 PM
10/30/2026: 09:00 AM - 05:00 PM
10/31/2026: 09:00 AM - 05:00 PM
11/01/2026: 09:00 AM - 05:00 PM","Permanent Polling Location:
WAYNE CO. COMM COLL.
8200 W. OUTER DRIVE
DETROIT MI 48219

Handicap Accessable:
Y
","Jurisdictions:
DETROIT CITY"
WAYNE COUNTY,REGION: CITY OF DETROIT,"WAYNE COUNTY COMMUNITY COLLEGE EAST CAMP
10/24/2026: 09:00 AM - 05:00 PM
10/25/2026: 09:00 AM - 05:00 PM
10/26/2026: 09:00 AM - 05:00 PM
10/27/2026: 09:00 AM - 05:00 PM
10/28/2026: 09:00 AM - 05:00 PM
10/29/2026: 09:00 AM - 05:00 PM
10/30/2026: 09:00 AM - 05:00 PM
10/31/2026: 09:00 AM - 05:00 PM
11/01/2026: 09:00 AM - 05:00 PM","Permanent Polling Location:
WAYNE COUNTY COMMUNITY COLLEGE EAST CAMP
5901 CONNER
DETROIT MI 48213

Handicap Accessable:
N
","Jurisdictions:
DETROIT CITY"
WAYNE COUNTY,REGION: CITY OF PLYMOUTH,"PLYMOUTH CULTURAL CENTER
10/24/2026: 09:00 AM - 05:00 PM
10/25/2026: 09:00 AM - 05:00 PM
10/26/2026: 09:00 AM - 05:00 PM
10/27/2026: 09:00 AM - 05:00 PM
10/28/2026: 09:00 AM - 05:00 PM
10/29/2026: 09:00 AM - 05:00 PM
10/30/2026: 09:00 AM - 05:00 PM
10/31/2026: 09:00 AM - 05:00 PM
11/01/2026: 09:00 AM - 05:00 PM","Permanent Polling Location:
PLYMOUTH CULTURAL CENTER
525 FARMER
PLYMOUTH MI 48170

Handicap Accessable:
N
","Jurisdictions:
PLYMOUTH CITY"
WAYNE COUNTY,REGION: CITY OF ROCKWOOD,"ROCKWOOD CITY HALL *EARLY VOTING SITE*
10/24/2026: 08:00 AM - 04:00 PM
10/25/2026: 08:00 AM - 04:00 PM
10/26/2026: 08:00 AM - 04:00 PM
10/27/2026: 08:00 AM - 04:00 PM
10/28/2026: 08:00 AM - 04:00 PM
10/29/2026: 08:00 AM - 04:00 PM
10/30/2026: 08:00 AM - 04:00 PM
10/31/2026: 08:00 AM - 04:00 PM
11/01/2026: 08:00 AM - 04:00 PM","Permanent Polling Location:
ROCKWOOD CITY HALL *EARLY VOTING SITE*
32409 FORT RD
ROCKWOOD MI 48173

Handicap Accessable:
Y
","Jurisdictions:
ROCKWOOD CITY"
WAYNE COUNTY,REGION: CITY OF TRENTON,"TRENTON CITY HALL
10/24/2026: 09:00 AM - 05:00 PM
10/25/2026: 09:00 AM - 05:00 PM
10/26/2026: 09:00 AM - 05:00 PM
10/27/2026: 09:00 AM - 05:00 PM
10/28/2026: 09:00 AM - 05:00 PM
10/29/2026: 09:00 AM - 05:00 PM
10/30/2026: 09:00 AM - 05:00 PM
10/31/2026: 09:00 AM - 05:00 PM
11/01/2026: 09:00 AM - 05:00 PM","Permanent Polling Location:
TRENTON CITY HALL
2800 THIRD ST
TRENTON MI 48183

Handicap Accessable:
Y
","Jurisdictions:
TRENTON CITY"
WAYNE COUNTY,REGION: GROSSE POINTE WOODS,"COMMUNITY CTR
10/24/2026: 08:30 AM - 04:30 PM
10/25/2026: 08:30 AM - 04:30 PM
10/26/2026: 08:30 AM - 04:30 PM
10/27/2026: 08:30 AM - 04:30 PM
10/28/2026: 08:30 AM - 04:30 PM
10/29/2026: 08:30 AM - 04:30 PM
10/30/2026: 08:30 AM - 04:30 PM
10/31/2026: 08:30 AM - 04:30 PM
11/01/2026: 08:30 AM - 04:30 PM","Permanent Polling Location:
COMMUNITY CTR
20025 MACK PLAZA DR
GROSSE POINTE WOODS MI 48236

Handicap Accessable:
Y
WEST SIDE OF MACK BETWEEN VERNIER AND MOROSS","Jurisdictions:
GROSSE POINTE WOODS CITY"
WAYNE COUNTY,REGION: LINCOLN PARK CITY,"KENNEDY MEMORIAL BUILDING
10/24/2026: 08:00 AM - 04:00 PM
10/25/2026: 08:00 AM - 04:00 PM
10/26/2026: 08:00 AM - 04:00 PM
10/27/2026: 11:00 AM - 07:00 PM
10/28/2026: 08:00 AM - 04:00 PM
10/29/2026: 11:00 AM - 07:00 PM
10/30/2026: 08:00 AM - 04:00 PM
10/31/2026: 08:00 AM - 04:00 PM
11/01/2026: 08:00 AM - 04:00 PM
11/02/2026: 08:00 AM - 04:00 PM","Permanent Polling Location:
KENNEDY MEMORIAL BUILDING
3240 FERRIS
LINCOLN PARK MI 48146

Handicap Accessable:
Y
3240 FERRIS @ LONDON","Jurisdictions:
LINCOLN PARK CITY"
WAYNE COUNTY,REGION: REDFORD TOWNSHIP,"REDFORD TOWN HALL
10/24/2026: 08:30 AM - 04:30 PM
10/25/2026: 08:30 AM - 04:30 PM
10/26/2026: 08:30 AM - 04:30 PM
10/27/2026: 08:30 AM - 04:30 PM
10/28/2026: 08:30 AM - 04:30 PM
10/29/2026: 08:30 AM - 04:30 PM
10/30/2026: 08:30 AM - 04:30 PM
10/31/2026: 08:30 AM - 04:30 PM
11/01/2026: 08:30 AM - 04:30 PM","Permanent Polling Location:
REDFORD TOWN HALL
15145 BEECH DALY RD.
REDFORD MI 48239

Handicap Accessable:
Y
","Jurisdictions:
REDFORD TOWNSHIP"
WAYNE COUNTY,REGION: ROMULUS CITY,"FMR. 34TH DISTRICT COURT BLDG
10/24/2026: 08:00 AM - 04:00 PM
10/25/2026: 08:00 AM - 04:00 PM
10/26/2026: 08:00 AM - 04:00 PM
10/27/2026: 08:00 AM - 04:00 PM
10/28/2026: 08:00 AM - 04:00 PM
10/29/2026: 08:00 AM - 04:00 PM
10/30/2026: 08:00 AM - 05:00 PM
10/31/2026: 08:00 AM - 04:00 PM
11/01/2026: 08:00 AM - 04:00 PM","Permanent Polling Location:
FMR. 34TH DISTRICT COURT BLDG
11131 WAYNE ROAD
ROMULUS MI 48174

Handicap Accessable:
Y
","Jurisdictions:
ROMULUS CITY"
WAYNE COUNTY,REGION: SOUTHGATE CITY,"CIVIC CENTER
10/24/2026: 08:00 AM - 05:00 PM
10/25/2026: 08:00 AM - 05:00 PM
10/26/2026: 08:00 AM - 05:00 PM
10/27/2026: 08:00 AM - 05:00 PM
10/28/2026: 08:00 AM - 05:00 PM
10/29/2026: 08:00 AM - 05:00 PM
10/30/2026: 08:00 AM - 05:00 PM
10/31/2026: 08:00 AM - 05:00 PM
11/01/2026: 08:00 AM - 05:00 PM","Permanent Polling Location:
CIVIC CENTER
14700 REAUME PARKWAY
SOUTHGATE MI 48195

Handicap Accessable:
Y
","Jurisdictions:
SOUTHGATE CITY"
WAYNE COUNTY,REGION: SUMPTER TOWNSHIP,"SUMPTER TOWNSHIP HALL 
10/24/2026: 07:00 AM - 03:00 PM
10/25/2026: 07:00 AM - 03:00 PM
10/26/2026: 08:30 AM - 04:30 PM
10/27/2026: 08:30 AM - 04:30 PM
10/28/2026: 08:30 AM - 04:30 PM
10/29/2026: 08:30 AM - 04:30 PM
10/30/2026: 08:30 AM - 04:30 PM
10/31/2026: 07:00 AM - 03:00 PM
11/01/2026: 07:00 AM - 03:00 PM","Permanent Polling Location:
SUMPTER TOWNSHIP HALL 
23480 SUMPTER RD
BELLEVILLE MI 48111

Handicap Accessable:
Y
","Jurisdictions:
SUMPTER TOWNSHIP"
WAYNE COUNTY,REGION: TAYLOR CITY,"CITY HALL
10/24/2026: 08:00 AM - 04:00 PM
10/25/2026: 08:00 AM - 04:00 PM
10/26/2026: 09:00 AM - 05:00 PM
10/27/2026: 09:00 AM - 05:00 PM
10/28/2026: 09:00 AM - 05:00 PM
10/29/2026: 09:00 AM - 05:00 PM
10/30/2026: 09:00 AM - 05:00 PM
10/31/2026: 08:00 AM - 04:00 PM
11/01/2026: 08:00 AM - 04:00 PM
11/02/2026: 09:00 AM - 04:00 PM","Permanent Polling Location:
CITY HALL
23555 GODDARD RD
TAYLOR MI 48180

Handicap Accessable:
Y
","Jurisdictions:
TAYLOR CITY"
WAYNE COUNTY,REGION: WYANDOTTE,"COPELAND CENTER
10/24/2026: 08:00 AM - 04:00 PM
10/25/2026: 08:00 AM - 04:00 PM
10/26/2026: 08:00 AM - 04:00 PM
10/27/2026: 08:00 AM - 04:00 PM
10/28/2026: 08:00 AM - 04:00 PM
10/29/2026: 08:00 AM - 04:00 PM
10/30/2026: 08:00 AM - 04:00 PM
10/31/2026: 08:00 AM - 04:00 PM
11/01/2026: 08:00 AM - 04:00 PM","Permanent Polling Location:
COPELAND CENTER
2306 FOURTH
WYANDOTTE MI 48192

Handicap Accessable:
Y
FOURTH & MULBERRY","Jurisdictions:
WYANDOTTE CITY"

